RespondentID,Feedback,Sentiment,clean_feedback,tokens,filtered_tokens,lemmatized_tokens,processed_text
1,Super smooth taste. imo it's one of the better brands.,Positive,super smooth taste opinion its one of the better brands,"['super', 'smooth', 'taste', 'opinion', 'its', 'one', 'of', 'the', 'better', 'brands']","['super', 'smooth', 'taste', 'opinion', 'one', 'better', 'brands']","['super', 'smooth', 'taste', 'opinion', 'one', 'better', 'brand']",super smooth taste opinion one better brand
2,Taste is kinda weak. Please introduce more roast options.,Neutral,taste is kinda weak please introduce more roast options,"['taste', 'is', 'kinda', 'weak', 'please', 'introduce', 'more', 'roast', 'options']","['taste', 'kinda', 'weak', 'please', 'introduce', 'roast', 'options']","['taste', 'kinda', 'weak', 'please', 'introduce', 'roast', 'option']",taste kinda weak please introduce roast option
3,Expected better. I drink it every morning.,Neutral,expected better i drink it every morning,"['expected', 'better', 'i', 'drink', 'it', 'every', 'morning']","['expected', 'better', 'drink', 'every', 'morning']","['expected', 'better', 'drink', 'every', 'morning']",expected better drink every morning
4,"Love the aroma, not a fan of the aftertaste. ngl I expected more. 😅",Neutral,love the aroma not a fan of the aftertaste honestly i expected more,"['love', 'the', 'aroma', 'not', 'a', 'fan', 'of', 'the', 'aftertaste', 'honestly', 'i', 'expected', 'more']","['love', 'aroma', 'not', 'fan', 'aftertaste', 'honestly', 'expected']","['love', 'aroma', 'not', 'fan', 'aftertaste', 'honestly', 'expected']",love aroma not fan aftertaste honestly expected
5,Worth every penny. ngl I expected more. 😕,Neutral,worth every penny honestly i expected more,"['worth', 'every', 'penny', 'honestly', 'i', 'expected', 'more']","['worth', 'every', 'penny', 'honestly', 'expected']","['worth', 'every', 'penny', 'honestly', 'expected']",worth every penny honestly expected
6,Super smooth taste. Not bad at all tbh.,Positive,super smooth taste not bad at all honestly,"['super', 'smooth', 'taste', 'not', 'bad', 'at', 'all', 'honestly']","['super', 'smooth', 'taste', 'not', 'bad', 'honestly']","['super', 'smooth', 'taste', 'not', 'bad', 'honestly']",super smooth taste not bad honestly
7,Not bad.,Neutral,not bad,"['not', 'bad']","['not', 'bad']","['not', 'bad']",not bad
8,Taste is nice but it's a bit pricey. ngl I expected more. ❤️,Neutral,taste is nice but its a bit pricey honestly i expected more,"['taste', 'is', 'nice', 'but', 'its', 'a', 'bit', 'pricey', 'honestly', 'i', 'expected', 'more']","['taste', 'nice', 'bit', 'pricey', 'honestly', 'expected']","['taste', 'nice', 'bit', 'pricey', 'honestly', 'expected']",taste nice bit pricey honestly expected
9,Amazing aroma. imo it's one of the better brands.,Positive,amazing aroma opinion its one of the better brands,"['amazing', 'aroma', 'opinion', 'its', 'one', 'of', 'the', 'better', 'brands']","['amazing', 'aroma', 'opinion', 'one', 'better', 'brands']","['amazing', 'aroma', 'opinion', 'one', 'better', 'brand']",amazing aroma opinion one better brand
10,Not as fresh as expected. Not bad at all tbh. 👎,Neutral,not as fresh as expected not bad at all honestly,"['not', 'as', 'fresh', 'as', 'expected', 'not', 'bad', 'at', 'all', 'honestly']","['not', 'fresh', 'expected', 'not', 'bad', 'honestly']","['not', 'fresh', 'expected', 'not', 'bad', 'honestly']",not fresh expected not bad honestly
11,Meh.,Negative,meh,['meh'],['meh'],['meh'],meh
12,Taste is nice but it's a bit pricey. Would love a decaf version.,Neutral,taste is nice but its a bit pricey would love a decaf version,"['taste', 'is', 'nice', 'but', 'its', 'a', 'bit', 'pricey', 'would', 'love', 'a', 'decaf', 'version']","['taste', 'nice', 'bit', 'pricey', 'would', 'love', 'decaf', 'version']","['taste', 'nice', 'bit', 'pricey', 'would', 'love', 'decaf', 'version']",taste nice bit pricey would love decaf version
13,Worth every penny 😅,Positive,worth every penny,"['worth', 'every', 'penny']","['worth', 'every', 'penny']","['worth', 'every', 'penny']",worth every penny
14,Bit disappointed. I drink it every morning.,Neutral,bit disappointed i drink it every morning,"['bit', 'disappointed', 'i', 'drink', 'it', 'every', 'morning']","['bit', 'disappointed', 'drink', 'every', 'morning']","['bit', 'disappointed', 'drink', 'every', 'morning']",bit disappointed drink every morning
15,The beans smell fantastic. ☕,Positive,the beans smell fantastic,"['the', 'beans', 'smell', 'fantastic']","['beans', 'smell', 'fantastic']","['bean', 'smell', 'fantastic']",bean smell fantastic
16,Packaging could be better. Customer service was great too.,Neutral,packaging could be better customer service was great too,"['packaging', 'could', 'be', 'better', 'customer', 'service', 'was', 'great', 'too']","['packaging', 'could', 'better', 'customer', 'service', 'great']","['packaging', 'could', 'better', 'customer', 'service', 'great']",packaging could better customer service great
17,My morning feels incomplete without it. imo it's one of the better brands.,Positive,my morning feels incomplete without it opinion its one of the better brands,"['my', 'morning', 'feels', 'incomplete', 'without', 'it', 'opinion', 'its', 'one', 'of', 'the', 'better', 'brands']","['morning', 'feels', 'incomplete', 'without', 'opinion', 'one', 'better', 'brands']","['morning', 'feel', 'incomplete', 'without', 'opinion', 'one', 'better', 'brand']",morning feel incomplete without opinion one better brand
18,Packaging could be better. Please introduce more roast options. 😕,Neutral,packaging could be better please introduce more roast options,"['packaging', 'could', 'be', 'better', 'please', 'introduce', 'more', 'roast', 'options']","['packaging', 'could', 'better', 'please', 'introduce', 'roast', 'options']","['packaging', 'could', 'better', 'please', 'introduce', 'roast', 'option']",packaging could better please introduce roast option
19,The beans smell fantastic. Would love a decaf version.,Positive,the beans smell fantastic would love a decaf version,"['the', 'beans', 'smell', 'fantastic', 'would', 'love', 'a', 'decaf', 'version']","['beans', 'smell', 'fantastic', 'would', 'love', 'decaf', 'version']","['bean', 'smell', 'fantastic', 'would', 'love', 'decaf', 'version']",bean smell fantastic would love decaf version
20,My morning feels incomplete without it. Please introduce more roast options. 😅,Positive,my morning feels incomplete without it please introduce more roast options,"['my', 'morning', 'feels', 'incomplete', 'without', 'it', 'please', 'introduce', 'more', 'roast', 'options']","['morning', 'feels', 'incomplete', 'without', 'please', 'introduce', 'roast', 'options']","['morning', 'feel', 'incomplete', 'without', 'please', 'introduce', 'roast', 'option']",morning feel incomplete without please introduce roast option
21,Pretty good overall although I expected a stronger roast. ngl I expected more. ❤️,Neutral,pretty good overall although i expected a stronger roast honestly i expected more,"['pretty', 'good', 'overall', 'although', 'i', 'expected', 'a', 'stronger', 'roast', 'honestly', 'i', 'expected', 'more']","['pretty', 'good', 'overall', 'although', 'expected', 'stronger', 'roast', 'honestly', 'expected']","['pretty', 'good', 'overall', 'although', 'expected', 'stronger', 'roast', 'honestly', 'expected']",pretty good overall although expected stronger roast honestly expected
22,Not as fresh as expected 😕,Negative,not as fresh as expected,"['not', 'as', 'fresh', 'as', 'expected']","['not', 'fresh', 'expected']","['not', 'fresh', 'expected']",not fresh expected
23,Didn't enjoy the aftertaste. I drink it every morning.,Neutral,didnt enjoy the aftertaste i drink it every morning,"['didnt', 'enjoy', 'the', 'aftertaste', 'i', 'drink', 'it', 'every', 'morning']","['didnt', 'enjoy', 'aftertaste', 'drink', 'every', 'morning']","['didnt', 'enjoy', 'aftertaste', 'drink', 'every', 'morning']",didnt enjoy aftertaste drink every morning
24,Yumm 😋 😋,Positive,yumm,['yumm'],['yumm'],['yumm'],yumm
25,Yumm 😋 😅,Positive,yumm,['yumm'],['yumm'],['yumm'],yumm
26,Super smooth taste. I drink it every morning. 😕,Positive,super smooth taste i drink it every morning,"['super', 'smooth', 'taste', 'i', 'drink', 'it', 'every', 'morning']","['super', 'smooth', 'taste', 'drink', 'every', 'morning']","['super', 'smooth', 'taste', 'drink', 'every', 'morning']",super smooth taste drink every morning
27,Works great with milk but black coffee isn't my favourite. imo it's one of the better brands. ❤️,Neutral,works great with milk but black coffee isnt my favourite opinion its one of the better brands,"['works', 'great', 'with', 'milk', 'but', 'black', 'coffee', 'isnt', 'my', 'favourite', 'opinion', 'its', 'one', 'of', 'the', 'better', 'brands']","['works', 'great', 'milk', 'black', 'coffee', 'isnt', 'favourite', 'opinion', 'one', 'better', 'brands']","['work', 'great', 'milk', 'black', 'coffee', 'isnt', 'favourite', 'opinion', 'one', 'better', 'brand']",work great milk black coffee isnt favourite opinion one better brand
28,"Love the aroma, not a fan of the aftertaste. Would love a decaf version. 😋",Neutral,love the aroma not a fan of the aftertaste would love a decaf version,"['love', 'the', 'aroma', 'not', 'a', 'fan', 'of', 'the', 'aftertaste', 'would', 'love', 'a', 'decaf', 'version']","['love', 'aroma', 'not', 'fan', 'aftertaste', 'would', 'love', 'decaf', 'version']","['love', 'aroma', 'not', 'fan', 'aftertaste', 'would', 'love', 'decaf', 'version']",love aroma not fan aftertaste would love decaf version
29,Packaging looks premium but freshness could improve. Please introduce more roast options. 👍,Neutral,packaging looks premium but freshness could improve please introduce more roast options,"['packaging', 'looks', 'premium', 'but', 'freshness', 'could', 'improve', 'please', 'introduce', 'more', 'roast', 'options']","['packaging', 'looks', 'premium', 'freshness', 'could', 'improve', 'please', 'introduce', 'roast', 'options']","['packaging', 'look', 'premium', 'freshness', 'could', 'improve', 'please', 'introduce', 'roast', 'option']",packaging look premium freshness could improve please introduce roast option
30,Coffee arrived stale.,Negative,coffee arrived stale,"['coffee', 'arrived', 'stale']","['coffee', 'arrived', 'stale']","['coffee', 'arrived', 'stale']",coffee arrived stale
31,cofee arrived stale. ngl I expected more.,Negative,cofee arrived stale honestly i expected more,"['cofee', 'arrived', 'stale', 'honestly', 'i', 'expected', 'more']","['cofee', 'arrived', 'stale', 'honestly', 'expected']","['cofee', 'arrived', 'stale', 'honestly', 'expected']",cofee arrived stale honestly expected
32,Works gr8 with milk but black coffee isn't my favourite.,Neutral,works gr with milk but black coffee isnt my favourite,"['works', 'gr', 'with', 'milk', 'but', 'black', 'coffee', 'isnt', 'my', 'favourite']","['works', 'gr', 'milk', 'black', 'coffee', 'isnt', 'favourite']","['work', 'gr', 'milk', 'black', 'coffee', 'isnt', 'favourite']",work gr milk black coffee isnt favourite
33,Works great with milk but black coffe isn't my favourite. Would recommend it to friends.,Neutral,works great with milk but black coffe isnt my favourite would recommend it to friends,"['works', 'great', 'with', 'milk', 'but', 'black', 'coffe', 'isnt', 'my', 'favourite', 'would', 'recommend', 'it', 'to', 'friends']","['works', 'great', 'milk', 'black', 'coffe', 'isnt', 'favourite', 'would', 'recommend', 'friends']","['work', 'great', 'milk', 'black', 'coffe', 'isnt', 'favourite', 'would', 'recommend', 'friend']",work great milk black coffe isnt favourite would recommend friend
34,Best coffee I've had in a while. I drink it every morning. 👍,Positive,best coffee ive had in a while i drink it every morning,"['best', 'coffee', 'ive', 'had', 'in', 'a', 'while', 'i', 'drink', 'it', 'every', 'morning']","['best', 'coffee', 'ive', 'drink', 'every', 'morning']","['best', 'coffee', 'ive', 'drink', 'every', 'morning']",best coffee ive drink every morning
35,Not as fresh as expected,Negative,not as fresh as expected,"['not', 'as', 'fresh', 'as', 'expected']","['not', 'fresh', 'expected']","['not', 'fresh', 'expected']",not fresh expected
36,Not as fesh as expected. Would love a decaf version. 🤔,Negative,not as fesh as expected would love a decaf version,"['not', 'as', 'fesh', 'as', 'expected', 'would', 'love', 'a', 'decaf', 'version']","['not', 'fesh', 'expected', 'would', 'love', 'decaf', 'version']","['not', 'fesh', 'expected', 'would', 'love', 'decaf', 'version']",not fesh expected would love decaf version
37,Taste is nice but it's a bit pricey. ☕,Neutral,taste is nice but its a bit pricey,"['taste', 'is', 'nice', 'but', 'its', 'a', 'bit', 'pricey']","['taste', 'nice', 'bit', 'pricey']","['taste', 'nice', 'bit', 'pricey']",taste nice bit pricey
38,Amazing aroma.,Positive,amazing aroma,"['amazing', 'aroma']","['amazing', 'aroma']","['amazing', 'aroma']",amazing aroma
39,Very balanced flavour. Hope you keep the quality consistent.,Positive,very balanced flavour hope you keep the quality consistent,"['very', 'balanced', 'flavour', 'hope', 'you', 'keep', 'the', 'quality', 'consistent']","['balanced', 'flavour', 'hope', 'keep', 'quality', 'consistent']","['balanced', 'flavour', 'hope', 'keep', 'quality', 'consistent']",balanced flavour hope keep quality consistent
40,Taste is nice but it's a bit pricey. Would recommend it to friends.,Neutral,taste is nice but its a bit pricey would recommend it to friends,"['taste', 'is', 'nice', 'but', 'its', 'a', 'bit', 'pricey', 'would', 'recommend', 'it', 'to', 'friends']","['taste', 'nice', 'bit', 'pricey', 'would', 'recommend', 'friends']","['taste', 'nice', 'bit', 'pricey', 'would', 'recommend', 'friend']",taste nice bit pricey would recommend friend
41,Pretty good overall although I expected a stronger roast.,Neutral,pretty good overall although i expected a stronger roast,"['pretty', 'good', 'overall', 'although', 'i', 'expected', 'a', 'stronger', 'roast']","['pretty', 'good', 'overall', 'although', 'expected', 'stronger', 'roast']","['pretty', 'good', 'overall', 'although', 'expected', 'stronger', 'roast']",pretty good overall although expected stronger roast
42,Packaging looks premium but freshness could improve.,Neutral,packaging looks premium but freshness could improve,"['packaging', 'looks', 'premium', 'but', 'freshness', 'could', 'improve']","['packaging', 'looks', 'premium', 'freshness', 'could', 'improve']","['packaging', 'look', 'premium', 'freshness', 'could', 'improve']",packaging look premium freshness could improve
43,Didn't enjoy the aftertaste. ngl I expected more.,Negative,didnt enjoy the aftertaste honestly i expected more,"['didnt', 'enjoy', 'the', 'aftertaste', 'honestly', 'i', 'expected', 'more']","['didnt', 'enjoy', 'aftertaste', 'honestly', 'expected']","['didnt', 'enjoy', 'aftertaste', 'honestly', 'expected']",didnt enjoy aftertaste honestly expected
44,Could be better. 👌,Negative,could be better,"['could', 'be', 'better']","['could', 'better']","['could', 'better']",could better
45,Love this cofee 👍,Positive,love this cofee,"['love', 'this', 'cofee']","['love', 'cofee']","['love', 'cofee']",love cofee
46,The beans smell fantastic. ngl I expected more.,Neutral,the beans smell fantastic honestly i expected more,"['the', 'beans', 'smell', 'fantastic', 'honestly', 'i', 'expected', 'more']","['beans', 'smell', 'fantastic', 'honestly', 'expected']","['bean', 'smell', 'fantastic', 'honestly', 'expected']",bean smell fantastic honestly expected
47,Expected better. ngl I expected more.,Negative,expected better honestly i expected more,"['expected', 'better', 'honestly', 'i', 'expected', 'more']","['expected', 'better', 'honestly', 'expected']","['expected', 'better', 'honestly', 'expected']",expected better honestly expected
48,Works gr8 with milk but black cofee isn't my favourite. Delivery was really fast.,Neutral,works gr with milk but black cofee isnt my favourite delivery was really fast,"['works', 'gr', 'with', 'milk', 'but', 'black', 'cofee', 'isnt', 'my', 'favourite', 'delivery', 'was', 'really', 'fast']","['works', 'gr', 'milk', 'black', 'cofee', 'isnt', 'favourite', 'delivery', 'really', 'fast']","['work', 'gr', 'milk', 'black', 'cofee', 'isnt', 'favourite', 'delivery', 'really', 'fast']",work gr milk black cofee isnt favourite delivery really fast
49,Super smooth taste. Customer service was great too.,Positive,super smooth taste customer service was great too,"['super', 'smooth', 'taste', 'customer', 'service', 'was', 'great', 'too']","['super', 'smooth', 'taste', 'customer', 'service', 'great']","['super', 'smooth', 'taste', 'customer', 'service', 'great']",super smooth taste customer service great
50,"Love the aroma, not a fan of the aftertaste. 😍",Neutral,love the aroma not a fan of the aftertaste,"['love', 'the', 'aroma', 'not', 'a', 'fan', 'of', 'the', 'aftertaste']","['love', 'aroma', 'not', 'fan', 'aftertaste']","['love', 'aroma', 'not', 'fan', 'aftertaste']",love aroma not fan aftertaste
51,Best coffee I've had in a while,Positive,best coffee ive had in a while,"['best', 'coffee', 'ive', 'had', 'in', 'a', 'while']","['best', 'coffee', 'ive']","['best', 'coffee', 'ive']",best coffee ive
53,My morning feels incomplete without it 😋,Positive,my morning feels incomplete without it,"['my', 'morning', 'feels', 'incomplete', 'without', 'it']","['morning', 'feels', 'incomplete', 'without']","['morning', 'feel', 'incomplete', 'without']",morning feel incomplete without
54,Packaging could be better. ❤️,Negative,packaging could be better,"['packaging', 'could', 'be', 'better']","['packaging', 'could', 'better']","['packaging', 'could', 'better']",packaging could better
55,Bit disappointed. Would love a decaf version.,Neutral,bit disappointed would love a decaf version,"['bit', 'disappointed', 'would', 'love', 'a', 'decaf', 'version']","['bit', 'disappointed', 'would', 'love', 'decaf', 'version']","['bit', 'disappointed', 'would', 'love', 'decaf', 'version']",bit disappointed would love decaf version
56,Didn't enjoy the aftertaste. Not bad at all tbh. 🤔,Neutral,didnt enjoy the aftertaste not bad at all honestly,"['didnt', 'enjoy', 'the', 'aftertaste', 'not', 'bad', 'at', 'all', 'honestly']","['didnt', 'enjoy', 'aftertaste', 'not', 'bad', 'honestly']","['didnt', 'enjoy', 'aftertaste', 'not', 'bad', 'honestly']",didnt enjoy aftertaste not bad honestly
57,Very balanced flavour. ngl I expected more. 😍,Neutral,very balanced flavour honestly i expected more,"['very', 'balanced', 'flavour', 'honestly', 'i', 'expected', 'more']","['balanced', 'flavour', 'honestly', 'expected']","['balanced', 'flavour', 'honestly', 'expected']",balanced flavour honestly expected
58,Way too expensive.,Negative,way too expensive,"['way', 'too', 'expensive']","['way', 'expensive']","['way', 'expensive']",way expensive
59,Really enjoying Coffee X,Positive,really enjoying coffee x,"['really', 'enjoying', 'coffee', 'x']","['really', 'enjoying', 'coffee', 'x']","['really', 'enjoying', 'coffee', 'x']",really enjoying coffee x
60,Very balanced flavour. Please introduce more roast options.,Positive,very balanced flavour please introduce more roast options,"['very', 'balanced', 'flavour', 'please', 'introduce', 'more', 'roast', 'options']","['balanced', 'flavour', 'please', 'introduce', 'roast', 'options']","['balanced', 'flavour', 'please', 'introduce', 'roast', 'option']",balanced flavour please introduce roast option
61,Worth every penny. Please introduce more roast options.,Positive,worth every penny please introduce more roast options,"['worth', 'every', 'penny', 'please', 'introduce', 'more', 'roast', 'options']","['worth', 'every', 'penny', 'please', 'introduce', 'roast', 'options']","['worth', 'every', 'penny', 'please', 'introduce', 'roast', 'option']",worth every penny please introduce roast option
62,Really enjoying Coffee X. Would love a decaf version. 👌,Positive,really enjoying coffee x would love a decaf version,"['really', 'enjoying', 'coffee', 'x', 'would', 'love', 'a', 'decaf', 'version']","['really', 'enjoying', 'coffee', 'x', 'would', 'love', 'decaf', 'version']","['really', 'enjoying', 'coffee', 'x', 'would', 'love', 'decaf', 'version']",really enjoying coffee x would love decaf version
63,Love this coffe Not bad at all tbh.,Positive,love this coffe not bad at all honestly,"['love', 'this', 'coffe', 'not', 'bad', 'at', 'all', 'honestly']","['love', 'coffe', 'not', 'bad', 'honestly']","['love', 'coffe', 'not', 'bad', 'honestly']",love coffe not bad honestly
64,"Love the aroma, not a fan of the aftertaste. I drink it every morning.",Neutral,love the aroma not a fan of the aftertaste i drink it every morning,"['love', 'the', 'aroma', 'not', 'a', 'fan', 'of', 'the', 'aftertaste', 'i', 'drink', 'it', 'every', 'morning']","['love', 'aroma', 'not', 'fan', 'aftertaste', 'drink', 'every', 'morning']","['love', 'aroma', 'not', 'fan', 'aftertaste', 'drink', 'every', 'morning']",love aroma not fan aftertaste drink every morning
65,Amazing 😍,Positive,amazing,['amazing'],['amazing'],['amazing'],amazing
66,Packaging looks premium but freshness could improve. 😋,Neutral,packaging looks premium but freshness could improve,"['packaging', 'looks', 'premium', 'but', 'freshness', 'could', 'improve']","['packaging', 'looks', 'premium', 'freshness', 'could', 'improve']","['packaging', 'look', 'premium', 'freshness', 'could', 'improve']",packaging look premium freshness could improve
67,Worth every penny. Hope you keep the qualty consistent.,Positive,worth every penny hope you keep the qualty consistent,"['worth', 'every', 'penny', 'hope', 'you', 'keep', 'the', 'qualty', 'consistent']","['worth', 'every', 'penny', 'hope', 'keep', 'qualty', 'consistent']","['worth', 'every', 'penny', 'hope', 'keep', 'qualty', 'consistent']",worth every penny hope keep qualty consistent
68,Best coffee I've had in a while. Would love a decaf version. 👎,Positive,best coffee ive had in a while would love a decaf version,"['best', 'coffee', 'ive', 'had', 'in', 'a', 'while', 'would', 'love', 'a', 'decaf', 'version']","['best', 'coffee', 'ive', 'would', 'love', 'decaf', 'version']","['best', 'coffee', 'ive', 'would', 'love', 'decaf', 'version']",best coffee ive would love decaf version
69,Really enjoying coffe X.,Positive,really enjoying coffe x,"['really', 'enjoying', 'coffe', 'x']","['really', 'enjoying', 'coffe', 'x']","['really', 'enjoying', 'coffe', 'x']",really enjoying coffe x
70,Works great with milk but black coffee isn't my favourite. Please introduce more roast options.,Neutral,works great with milk but black coffee isnt my favourite please introduce more roast options,"['works', 'great', 'with', 'milk', 'but', 'black', 'coffee', 'isnt', 'my', 'favourite', 'please', 'introduce', 'more', 'roast', 'options']","['works', 'great', 'milk', 'black', 'coffee', 'isnt', 'favourite', 'please', 'introduce', 'roast', 'options']","['work', 'great', 'milk', 'black', 'coffee', 'isnt', 'favourite', 'please', 'introduce', 'roast', 'option']",work great milk black coffee isnt favourite please introduce roast option
71,Very balanced flavour. I drink it every morning. 👎,Positive,very balanced flavour i drink it every morning,"['very', 'balanced', 'flavour', 'i', 'drink', 'it', 'every', 'morning']","['balanced', 'flavour', 'drink', 'every', 'morning']","['balanced', 'flavour', 'drink', 'every', 'morning']",balanced flavour drink every morning
72,"Love the aroma, not a fan of the aftertaste.",Neutral,love the aroma not a fan of the aftertaste,"['love', 'the', 'aroma', 'not', 'a', 'fan', 'of', 'the', 'aftertaste']","['love', 'aroma', 'not', 'fan', 'aftertaste']","['love', 'aroma', 'not', 'fan', 'aftertaste']",love aroma not fan aftertaste
73,Amazing aroma. Would recommend it to friends.,Positive,amazing aroma would recommend it to friends,"['amazing', 'aroma', 'would', 'recommend', 'it', 'to', 'friends']","['amazing', 'aroma', 'would', 'recommend', 'friends']","['amazing', 'aroma', 'would', 'recommend', 'friend']",amazing aroma would recommend friend
74,Works gr8 with milk but black coffee isn't my favourite. Hope you keep the quality consistent. 👌,Neutral,works gr with milk but black coffee isnt my favourite hope you keep the quality consistent,"['works', 'gr', 'with', 'milk', 'but', 'black', 'coffee', 'isnt', 'my', 'favourite', 'hope', 'you', 'keep', 'the', 'quality', 'consistent']","['works', 'gr', 'milk', 'black', 'coffee', 'isnt', 'favourite', 'hope', 'keep', 'quality', 'consistent']","['work', 'gr', 'milk', 'black', 'coffee', 'isnt', 'favourite', 'hope', 'keep', 'quality', 'consistent']",work gr milk black coffee isnt favourite hope keep quality consistent
75,"Love the aroma, not a fan of the aftertaste. Customer service was great too.",Neutral,love the aroma not a fan of the aftertaste customer service was great too,"['love', 'the', 'aroma', 'not', 'a', 'fan', 'of', 'the', 'aftertaste', 'customer', 'service', 'was', 'great', 'too']","['love', 'aroma', 'not', 'fan', 'aftertaste', 'customer', 'service', 'great']","['love', 'aroma', 'not', 'fan', 'aftertaste', 'customer', 'service', 'great']",love aroma not fan aftertaste customer service great
76,Love this coffee 👎,Positive,love this coffee,"['love', 'this', 'coffee']","['love', 'coffee']","['love', 'coffee']",love coffee
77,Expected better. 🤔,Negative,expected better,"['expected', 'better']","['expected', 'better']","['expected', 'better']",expected better
78,The beans smell fantastic. imo it's one of the better brands.,Positive,the beans smell fantastic opinion its one of the better brands,"['the', 'beans', 'smell', 'fantastic', 'opinion', 'its', 'one', 'of', 'the', 'better', 'brands']","['beans', 'smell', 'fantastic', 'opinion', 'one', 'better', 'brands']","['bean', 'smell', 'fantastic', 'opinion', 'one', 'better', 'brand']",bean smell fantastic opinion one better brand
79,Taste is nice but it's a bit pricey.,Neutral,taste is nice but its a bit pricey,"['taste', 'is', 'nice', 'but', 'its', 'a', 'bit', 'pricey']","['taste', 'nice', 'bit', 'pricey']","['taste', 'nice', 'bit', 'pricey']",taste nice bit pricey
80,Very balanced flavour. Would recommend it to friends. 👍,Positive,very balanced flavour would recommend it to friends,"['very', 'balanced', 'flavour', 'would', 'recommend', 'it', 'to', 'friends']","['balanced', 'flavour', 'would', 'recommend', 'friends']","['balanced', 'flavour', 'would', 'recommend', 'friend']",balanced flavour would recommend friend
81,Yumm 😋,Positive,yumm,['yumm'],['yumm'],['yumm'],yumm
82,Packaging looks premium but freshness could improve. Would love a decaf version. 😕,Neutral,packaging looks premium but freshness could improve would love a decaf version,"['packaging', 'looks', 'premium', 'but', 'freshness', 'could', 'improve', 'would', 'love', 'a', 'decaf', 'version']","['packaging', 'looks', 'premium', 'freshness', 'could', 'improve', 'would', 'love', 'decaf', 'version']","['packaging', 'look', 'premium', 'freshness', 'could', 'improve', 'would', 'love', 'decaf', 'version']",packaging look premium freshness could improve would love decaf version
84,Taste is nice but it's a bit pricey. I drink it every morning. ☕,Neutral,taste is nice but its a bit pricey i drink it every morning,"['taste', 'is', 'nice', 'but', 'its', 'a', 'bit', 'pricey', 'i', 'drink', 'it', 'every', 'morning']","['taste', 'nice', 'bit', 'pricey', 'drink', 'every', 'morning']","['taste', 'nice', 'bit', 'pricey', 'drink', 'every', 'morning']",taste nice bit pricey drink every morning
85,Didn't enjoy the aftertaste,Negative,didnt enjoy the aftertaste,"['didnt', 'enjoy', 'the', 'aftertaste']","['didnt', 'enjoy', 'aftertaste']","['didnt', 'enjoy', 'aftertaste']",didnt enjoy aftertaste
86,Love this coffee. Please introduce more roast options. 😅,Positive,love this coffee please introduce more roast options,"['love', 'this', 'coffee', 'please', 'introduce', 'more', 'roast', 'options']","['love', 'coffee', 'please', 'introduce', 'roast', 'options']","['love', 'coffee', 'please', 'introduce', 'roast', 'option']",love coffee please introduce roast option
87,Taste is nice but it's a bit pricey. Not bad at all tbh.,Neutral,taste is nice but its a bit pricey not bad at all honestly,"['taste', 'is', 'nice', 'but', 'its', 'a', 'bit', 'pricey', 'not', 'bad', 'at', 'all', 'honestly']","['taste', 'nice', 'bit', 'pricey', 'not', 'bad', 'honestly']","['taste', 'nice', 'bit', 'pricey', 'not', 'bad', 'honestly']",taste nice bit pricey not bad honestly
88,Best coffee I've had in a while. I drink it every morning.,Positive,best coffee ive had in a while i drink it every morning,"['best', 'coffee', 'ive', 'had', 'in', 'a', 'while', 'i', 'drink', 'it', 'every', 'morning']","['best', 'coffee', 'ive', 'drink', 'every', 'morning']","['best', 'coffee', 'ive', 'drink', 'every', 'morning']",best coffee ive drink every morning
89,Taste is kinda weak. Hope you keep the qualty consistent.,Neutral,taste is kinda weak hope you keep the qualty consistent,"['taste', 'is', 'kinda', 'weak', 'hope', 'you', 'keep', 'the', 'qualty', 'consistent']","['taste', 'kinda', 'weak', 'hope', 'keep', 'qualty', 'consistent']","['taste', 'kinda', 'weak', 'hope', 'keep', 'qualty', 'consistent']",taste kinda weak hope keep qualty consistent
90,Amazing aroma. ngl I expected more. 😕,Neutral,amazing aroma honestly i expected more,"['amazing', 'aroma', 'honestly', 'i', 'expected', 'more']","['amazing', 'aroma', 'honestly', 'expected']","['amazing', 'aroma', 'honestly', 'expected']",amazing aroma honestly expected
91,Taste is nice but it's a bit pricey. ngl I expected more.,Neutral,taste is nice but its a bit pricey honestly i expected more,"['taste', 'is', 'nice', 'but', 'its', 'a', 'bit', 'pricey', 'honestly', 'i', 'expected', 'more']","['taste', 'nice', 'bit', 'pricey', 'honestly', 'expected']","['taste', 'nice', 'bit', 'pricey', 'honestly', 'expected']",taste nice bit pricey honestly expected
92,Amazing aroma. ngl I expected more. 🤔,Neutral,amazing aroma honestly i expected more,"['amazing', 'aroma', 'honestly', 'i', 'expected', 'more']","['amazing', 'aroma', 'honestly', 'expected']","['amazing', 'aroma', 'honestly', 'expected']",amazing aroma honestly expected
93,Amazing aroma. imo it's one of the better brands. ☕,Positive,amazing aroma opinion its one of the better brands,"['amazing', 'aroma', 'opinion', 'its', 'one', 'of', 'the', 'better', 'brands']","['amazing', 'aroma', 'opinion', 'one', 'better', 'brands']","['amazing', 'aroma', 'opinion', 'one', 'better', 'brand']",amazing aroma opinion one better brand
94,It's okay.,Neutral,its okay,"['its', 'okay']",['okay'],['okay'],okay
95,The beans smell fantastic,Positive,the beans smell fantastic,"['the', 'beans', 'smell', 'fantastic']","['beans', 'smell', 'fantastic']","['bean', 'smell', 'fantastic']",bean smell fantastic
96,Really enjoying Coffee X.,Positive,really enjoying coffee x,"['really', 'enjoying', 'coffee', 'x']","['really', 'enjoying', 'coffee', 'x']","['really', 'enjoying', 'coffee', 'x']",really enjoying coffee x
97,Wouldn't buy again,Negative,wouldnt buy again,"['wouldnt', 'buy', 'again']","['wouldnt', 'buy']","['wouldnt', 'buy']",wouldnt buy
98,Too expensive 😕,Negative,too expensive,"['too', 'expensive']",['expensive'],['expensive'],expensive
99,realy enjoying Coffee X. Please introduce more roast options.,Positive,realy enjoying coffee x please introduce more roast options,"['realy', 'enjoying', 'coffee', 'x', 'please', 'introduce', 'more', 'roast', 'options']","['realy', 'enjoying', 'coffee', 'x', 'please', 'introduce', 'roast', 'options']","['realy', 'enjoying', 'coffee', 'x', 'please', 'introduce', 'roast', 'option']",realy enjoying coffee x please introduce roast option
100,Expected better. Not bad at all tbh. ☕,Neutral,expected better not bad at all honestly,"['expected', 'better', 'not', 'bad', 'at', 'all', 'honestly']","['expected', 'better', 'not', 'bad', 'honestly']","['expected', 'better', 'not', 'bad', 'honestly']",expected better not bad honestly
101,Worth every penny. I drink it every morning.,Positive,worth every penny i drink it every morning,"['worth', 'every', 'penny', 'i', 'drink', 'it', 'every', 'morning']","['worth', 'every', 'penny', 'drink', 'every', 'morning']","['worth', 'every', 'penny', 'drink', 'every', 'morning']",worth every penny drink every morning
102,Really enjoying Coffee X. Would love a decaf version.,Positive,really enjoying coffee x would love a decaf version,"['really', 'enjoying', 'coffee', 'x', 'would', 'love', 'a', 'decaf', 'version']","['really', 'enjoying', 'coffee', 'x', 'would', 'love', 'decaf', 'version']","['really', 'enjoying', 'coffee', 'x', 'would', 'love', 'decaf', 'version']",really enjoying coffee x would love decaf version
103,The beans smell fantastic. Would recommend it to friends. ☕,Positive,the beans smell fantastic would recommend it to friends,"['the', 'beans', 'smell', 'fantastic', 'would', 'recommend', 'it', 'to', 'friends']","['beans', 'smell', 'fantastic', 'would', 'recommend', 'friends']","['bean', 'smell', 'fantastic', 'would', 'recommend', 'friend']",bean smell fantastic would recommend friend
104,Packaging could be better. Delivery was really fast. 👌,Neutral,packaging could be better delivery was really fast,"['packaging', 'could', 'be', 'better', 'delivery', 'was', 'really', 'fast']","['packaging', 'could', 'better', 'delivery', 'really', 'fast']","['packaging', 'could', 'better', 'delivery', 'really', 'fast']",packaging could better delivery really fast
105,Expected better.,Negative,expected better,"['expected', 'better']","['expected', 'better']","['expected', 'better']",expected better
106,I'll definitely buy again. I drink it every morning.,Positive,ill definitely buy again i drink it every morning,"['ill', 'definitely', 'buy', 'again', 'i', 'drink', 'it', 'every', 'morning']","['ill', 'definitely', 'buy', 'drink', 'every', 'morning']","['ill', 'definitely', 'buy', 'drink', 'every', 'morning']",ill definitely buy drink every morning
107,Really enjoying Coffee X. ngl I expected more.,Neutral,really enjoying coffee x honestly i expected more,"['really', 'enjoying', 'coffee', 'x', 'honestly', 'i', 'expected', 'more']","['really', 'enjoying', 'coffee', 'x', 'honestly', 'expected']","['really', 'enjoying', 'coffee', 'x', 'honestly', 'expected']",really enjoying coffee x honestly expected
108,Very balanced flavour. I drink it every morning.,Positive,very balanced flavour i drink it every morning,"['very', 'balanced', 'flavour', 'i', 'drink', 'it', 'every', 'morning']","['balanced', 'flavour', 'drink', 'every', 'morning']","['balanced', 'flavour', 'drink', 'every', 'morning']",balanced flavour drink every morning
109,My morning feels incomplete without it,Positive,my morning feels incomplete without it,"['my', 'morning', 'feels', 'incomplete', 'without', 'it']","['morning', 'feels', 'incomplete', 'without']","['morning', 'feel', 'incomplete', 'without']",morning feel incomplete without
110,Very balanced flavour. Would recommend it to friends.,Positive,very balanced flavour would recommend it to friends,"['very', 'balanced', 'flavour', 'would', 'recommend', 'it', 'to', 'friends']","['balanced', 'flavour', 'would', 'recommend', 'friends']","['balanced', 'flavour', 'would', 'recommend', 'friend']",balanced flavour would recommend friend
111,Taste is nice but it's a bit pricey. 😊,Neutral,taste is nice but its a bit pricey,"['taste', 'is', 'nice', 'but', 'its', 'a', 'bit', 'pricey']","['taste', 'nice', 'bit', 'pricey']","['taste', 'nice', 'bit', 'pricey']",taste nice bit pricey
112,Best coffee I've had in a while. imo it's one of the better brands.,Positive,best coffee ive had in a while opinion its one of the better brands,"['best', 'coffee', 'ive', 'had', 'in', 'a', 'while', 'opinion', 'its', 'one', 'of', 'the', 'better', 'brands']","['best', 'coffee', 'ive', 'opinion', 'one', 'better', 'brands']","['best', 'coffee', 'ive', 'opinion', 'one', 'better', 'brand']",best coffee ive opinion one better brand
113,I'll definitely buy again. 😋,Positive,ill definitely buy again,"['ill', 'definitely', 'buy', 'again']","['ill', 'definitely', 'buy']","['ill', 'definitely', 'buy']",ill definitely buy
114,Taste is kinda weak. ngl I expected more.,Negative,taste is kinda weak honestly i expected more,"['taste', 'is', 'kinda', 'weak', 'honestly', 'i', 'expected', 'more']","['taste', 'kinda', 'weak', 'honestly', 'expected']","['taste', 'kinda', 'weak', 'honestly', 'expected']",taste kinda weak honestly expected
115,Amazing aroma. Delivery was really fast.,Positive,amazing aroma delivery was really fast,"['amazing', 'aroma', 'delivery', 'was', 'really', 'fast']","['amazing', 'aroma', 'delivery', 'really', 'fast']","['amazing', 'aroma', 'delivery', 'really', 'fast']",amazing aroma delivery really fast
116,My morning feels incomplete without it. Customer service was great too. 😍,Positive,my morning feels incomplete without it customer service was great too,"['my', 'morning', 'feels', 'incomplete', 'without', 'it', 'customer', 'service', 'was', 'great', 'too']","['morning', 'feels', 'incomplete', 'without', 'customer', 'service', 'great']","['morning', 'feel', 'incomplete', 'without', 'customer', 'service', 'great']",morning feel incomplete without customer service great
117,Not as fresh as expected 😋,Negative,not as fresh as expected,"['not', 'as', 'fresh', 'as', 'expected']","['not', 'fresh', 'expected']","['not', 'fresh', 'expected']",not fresh expected
118,Meh. 😍,Negative,meh,['meh'],['meh'],['meh'],meh
119,I'll definitely buy again,Positive,ill definitely buy again,"['ill', 'definitely', 'buy', 'again']","['ill', 'definitely', 'buy']","['ill', 'definitely', 'buy']",ill definitely buy
120,Worth every penny,Positive,worth every penny,"['worth', 'every', 'penny']","['worth', 'every', 'penny']","['worth', 'every', 'penny']",worth every penny
121,Too bitter for me,Negative,too bitter for me,"['too', 'bitter', 'for', 'me']",['bitter'],['bitter'],bitter
122,Could be better.,Negative,could be better,"['could', 'be', 'better']","['could', 'better']","['could', 'better']",could better
123,Taste is kinda weak.,Negative,taste is kinda weak,"['taste', 'is', 'kinda', 'weak']","['taste', 'kinda', 'weak']","['taste', 'kinda', 'weak']",taste kinda weak
124,Taste is nice but it's a bit pricey. Delivery was really fast.,Neutral,taste is nice but its a bit pricey delivery was really fast,"['taste', 'is', 'nice', 'but', 'its', 'a', 'bit', 'pricey', 'delivery', 'was', 'really', 'fast']","['taste', 'nice', 'bit', 'pricey', 'delivery', 'really', 'fast']","['taste', 'nice', 'bit', 'pricey', 'delivery', 'really', 'fast']",taste nice bit pricey delivery really fast
125,Amazing aroma. Hope you keep the quality consistent.,Positive,amazing aroma hope you keep the quality consistent,"['amazing', 'aroma', 'hope', 'you', 'keep', 'the', 'quality', 'consistent']","['amazing', 'aroma', 'hope', 'keep', 'quality', 'consistent']","['amazing', 'aroma', 'hope', 'keep', 'quality', 'consistent']",amazing aroma hope keep quality consistent
126,Packaging looks premium but freshness could improve. 😅,Neutral,packaging looks premium but freshness could improve,"['packaging', 'looks', 'premium', 'but', 'freshness', 'could', 'improve']","['packaging', 'looks', 'premium', 'freshness', 'could', 'improve']","['packaging', 'look', 'premium', 'freshness', 'could', 'improve']",packaging look premium freshness could improve
127,Amazing aroma. Please introduce more roast options.,Positive,amazing aroma please introduce more roast options,"['amazing', 'aroma', 'please', 'introduce', 'more', 'roast', 'options']","['amazing', 'aroma', 'please', 'introduce', 'roast', 'options']","['amazing', 'aroma', 'please', 'introduce', 'roast', 'option']",amazing aroma please introduce roast option
128,Really enjoying Coffee X. Hope you keep the quality consistent.,Positive,really enjoying coffee x hope you keep the quality consistent,"['really', 'enjoying', 'coffee', 'x', 'hope', 'you', 'keep', 'the', 'quality', 'consistent']","['really', 'enjoying', 'coffee', 'x', 'hope', 'keep', 'quality', 'consistent']","['really', 'enjoying', 'coffee', 'x', 'hope', 'keep', 'quality', 'consistent']",really enjoying coffee x hope keep quality consistent
129,My morning feels incomplete without it 😊,Positive,my morning feels incomplete without it,"['my', 'morning', 'feels', 'incomplete', 'without', 'it']","['morning', 'feels', 'incomplete', 'without']","['morning', 'feel', 'incomplete', 'without']",morning feel incomplete without
130,realy enjoying Coffee X. Not bad at all tbh.,Positive,realy enjoying coffee x not bad at all honestly,"['realy', 'enjoying', 'coffee', 'x', 'not', 'bad', 'at', 'all', 'honestly']","['realy', 'enjoying', 'coffee', 'x', 'not', 'bad', 'honestly']","['realy', 'enjoying', 'coffee', 'x', 'not', 'bad', 'honestly']",realy enjoying coffee x not bad honestly
131,Really enjoying Coffee X. ❤️,Positive,really enjoying coffee x,"['really', 'enjoying', 'coffee', 'x']","['really', 'enjoying', 'coffee', 'x']","['really', 'enjoying', 'coffee', 'x']",really enjoying coffee x
132,Packaging looks premium but freshness could improve. Would love a decaf version.,Neutral,packaging looks premium but freshness could improve would love a decaf version,"['packaging', 'looks', 'premium', 'but', 'freshness', 'could', 'improve', 'would', 'love', 'a', 'decaf', 'version']","['packaging', 'looks', 'premium', 'freshness', 'could', 'improve', 'would', 'love', 'decaf', 'version']","['packaging', 'look', 'premium', 'freshness', 'could', 'improve', 'would', 'love', 'decaf', 'version']",packaging look premium freshness could improve would love decaf version
133,The beans smell fantastic. Please introduce more roast options.,Positive,the beans smell fantastic please introduce more roast options,"['the', 'beans', 'smell', 'fantastic', 'please', 'introduce', 'more', 'roast', 'options']","['beans', 'smell', 'fantastic', 'please', 'introduce', 'roast', 'options']","['bean', 'smell', 'fantastic', 'please', 'introduce', 'roast', 'option']",bean smell fantastic please introduce roast option
134,Amazing aroma. Please introduce more roast options. 😍,Positive,amazing aroma please introduce more roast options,"['amazing', 'aroma', 'please', 'introduce', 'more', 'roast', 'options']","['amazing', 'aroma', 'please', 'introduce', 'roast', 'options']","['amazing', 'aroma', 'please', 'introduce', 'roast', 'option']",amazing aroma please introduce roast option
135,Taste is kinda weak 😍,Negative,taste is kinda weak,"['taste', 'is', 'kinda', 'weak']","['taste', 'kinda', 'weak']","['taste', 'kinda', 'weak']",taste kinda weak
136,Taste is nice but it's a bit pricey. 👍,Neutral,taste is nice but its a bit pricey,"['taste', 'is', 'nice', 'but', 'its', 'a', 'bit', 'pricey']","['taste', 'nice', 'bit', 'pricey']","['taste', 'nice', 'bit', 'pricey']",taste nice bit pricey
137,Works gr8 with milk but black coffee isn't my favourite. I drink it every morning.,Neutral,works gr with milk but black coffee isnt my favourite i drink it every morning,"['works', 'gr', 'with', 'milk', 'but', 'black', 'coffee', 'isnt', 'my', 'favourite', 'i', 'drink', 'it', 'every', 'morning']","['works', 'gr', 'milk', 'black', 'coffee', 'isnt', 'favourite', 'drink', 'every', 'morning']","['work', 'gr', 'milk', 'black', 'coffee', 'isnt', 'favourite', 'drink', 'every', 'morning']",work gr milk black coffee isnt favourite drink every morning
138,Works great with milk but black coffee isn't my favourite. Not bad at all tbh.,Neutral,works great with milk but black coffee isnt my favourite not bad at all honestly,"['works', 'great', 'with', 'milk', 'but', 'black', 'coffee', 'isnt', 'my', 'favourite', 'not', 'bad', 'at', 'all', 'honestly']","['works', 'great', 'milk', 'black', 'coffee', 'isnt', 'favourite', 'not', 'bad', 'honestly']","['work', 'great', 'milk', 'black', 'coffee', 'isnt', 'favourite', 'not', 'bad', 'honestly']",work great milk black coffee isnt favourite not bad honestly
139,Pretty good overall although I expected a stronger roast. imo it's one of the better brands.,Neutral,pretty good overall although i expected a stronger roast opinion its one of the better brands,"['pretty', 'good', 'overall', 'although', 'i', 'expected', 'a', 'stronger', 'roast', 'opinion', 'its', 'one', 'of', 'the', 'better', 'brands']","['pretty', 'good', 'overall', 'although', 'expected', 'stronger', 'roast', 'opinion', 'one', 'better', 'brands']","['pretty', 'good', 'overall', 'although', 'expected', 'stronger', 'roast', 'opinion', 'one', 'better', 'brand']",pretty good overall although expected stronger roast opinion one better brand
140,Best coffee I've had in a while. 😋,Positive,best coffee ive had in a while,"['best', 'coffee', 'ive', 'had', 'in', 'a', 'while']","['best', 'coffee', 'ive']","['best', 'coffee', 'ive']",best coffee ive
141,Super smooth taste. I drink it every morning.,Positive,super smooth taste i drink it every morning,"['super', 'smooth', 'taste', 'i', 'drink', 'it', 'every', 'morning']","['super', 'smooth', 'taste', 'drink', 'every', 'morning']","['super', 'smooth', 'taste', 'drink', 'every', 'morning']",super smooth taste drink every morning
142,Best coffee I've had in a while. Customer service was gr8 too.,Positive,best coffee ive had in a while customer service was gr too,"['best', 'coffee', 'ive', 'had', 'in', 'a', 'while', 'customer', 'service', 'was', 'gr', 'too']","['best', 'coffee', 'ive', 'customer', 'service', 'gr']","['best', 'coffee', 'ive', 'customer', 'service', 'gr']",best coffee ive customer service gr
143,The beans smell fantastic. Delivery was really fast.,Positive,the beans smell fantastic delivery was really fast,"['the', 'beans', 'smell', 'fantastic', 'delivery', 'was', 'really', 'fast']","['beans', 'smell', 'fantastic', 'delivery', 'really', 'fast']","['bean', 'smell', 'fantastic', 'delivery', 'really', 'fast']",bean smell fantastic delivery really fast
144,Love this coffe Would recommend it to friends.,Positive,love this coffe would recommend it to friends,"['love', 'this', 'coffe', 'would', 'recommend', 'it', 'to', 'friends']","['love', 'coffe', 'would', 'recommend', 'friends']","['love', 'coffe', 'would', 'recommend', 'friend']",love coffe would recommend friend
145,Very balanced flavour 👌,Positive,very balanced flavour,"['very', 'balanced', 'flavour']","['balanced', 'flavour']","['balanced', 'flavour']",balanced flavour
146,Packaging looks premium but freshness could improve. Delivery was really fast.,Neutral,packaging looks premium but freshness could improve delivery was really fast,"['packaging', 'looks', 'premium', 'but', 'freshness', 'could', 'improve', 'delivery', 'was', 'really', 'fast']","['packaging', 'looks', 'premium', 'freshness', 'could', 'improve', 'delivery', 'really', 'fast']","['packaging', 'look', 'premium', 'freshness', 'could', 'improve', 'delivery', 'really', 'fast']",packaging look premium freshness could improve delivery really fast
147,I'll definitely buy again. Customer service was great too.,Positive,ill definitely buy again customer service was great too,"['ill', 'definitely', 'buy', 'again', 'customer', 'service', 'was', 'great', 'too']","['ill', 'definitely', 'buy', 'customer', 'service', 'great']","['ill', 'definitely', 'buy', 'customer', 'service', 'great']",ill definitely buy customer service great
148,Very balanced flavour. ☕,Positive,very balanced flavour,"['very', 'balanced', 'flavour']","['balanced', 'flavour']","['balanced', 'flavour']",balanced flavour
149,Packaging looks premium but freshness could improve. imo it's one of the better brands. 😕,Neutral,packaging looks premium but freshness could improve opinion its one of the better brands,"['packaging', 'looks', 'premium', 'but', 'freshness', 'could', 'improve', 'opinion', 'its', 'one', 'of', 'the', 'better', 'brands']","['packaging', 'looks', 'premium', 'freshness', 'could', 'improve', 'opinion', 'one', 'better', 'brands']","['packaging', 'look', 'premium', 'freshness', 'could', 'improve', 'opinion', 'one', 'better', 'brand']",packaging look premium freshness could improve opinion one better brand
150,Super smooth taste. Hope you keep the quality consistent.,Positive,super smooth taste hope you keep the quality consistent,"['super', 'smooth', 'taste', 'hope', 'you', 'keep', 'the', 'quality', 'consistent']","['super', 'smooth', 'taste', 'hope', 'keep', 'quality', 'consistent']","['super', 'smooth', 'taste', 'hope', 'keep', 'quality', 'consistent']",super smooth taste hope keep quality consistent
151,realy enjoying Coffee X. Customer service was great too. 🤔,Positive,realy enjoying coffee x customer service was great too,"['realy', 'enjoying', 'coffee', 'x', 'customer', 'service', 'was', 'great', 'too']","['realy', 'enjoying', 'coffee', 'x', 'customer', 'service', 'great']","['realy', 'enjoying', 'coffee', 'x', 'customer', 'service', 'great']",realy enjoying coffee x customer service great
152,Packaging looks premium but freshness could improve. Hope you keep the quality consistent. 👌,Neutral,packaging looks premium but freshness could improve hope you keep the quality consistent,"['packaging', 'looks', 'premium', 'but', 'freshness', 'could', 'improve', 'hope', 'you', 'keep', 'the', 'quality', 'consistent']","['packaging', 'looks', 'premium', 'freshness', 'could', 'improve', 'hope', 'keep', 'quality', 'consistent']","['packaging', 'look', 'premium', 'freshness', 'could', 'improve', 'hope', 'keep', 'quality', 'consistent']",packaging look premium freshness could improve hope keep quality consistent
153,Expected better. Hope you keep the quality consistent.,Negative,expected better hope you keep the quality consistent,"['expected', 'better', 'hope', 'you', 'keep', 'the', 'quality', 'consistent']","['expected', 'better', 'hope', 'keep', 'quality', 'consistent']","['expected', 'better', 'hope', 'keep', 'quality', 'consistent']",expected better hope keep quality consistent
154,Taste is kinda weak. Would love a decaf version. 😕,Negative,taste is kinda weak would love a decaf version,"['taste', 'is', 'kinda', 'weak', 'would', 'love', 'a', 'decaf', 'version']","['taste', 'kinda', 'weak', 'would', 'love', 'decaf', 'version']","['taste', 'kinda', 'weak', 'would', 'love', 'decaf', 'version']",taste kinda weak would love decaf version
155,Very balanced flavour. ngl I expected more. ☕,Negative,very balanced flavour honestly i expected more,"['very', 'balanced', 'flavour', 'honestly', 'i', 'expected', 'more']","['balanced', 'flavour', 'honestly', 'expected']","['balanced', 'flavour', 'honestly', 'expected']",balanced flavour honestly expected
156,Love it ☕,Positive,love it,"['love', 'it']",['love'],['love'],love
157,Packaging looks premium but freshness could improve. Not bad at all tbh.,Neutral,packaging looks premium but freshness could improve not bad at all honestly,"['packaging', 'looks', 'premium', 'but', 'freshness', 'could', 'improve', 'not', 'bad', 'at', 'all', 'honestly']","['packaging', 'looks', 'premium', 'freshness', 'could', 'improve', 'not', 'bad', 'honestly']","['packaging', 'look', 'premium', 'freshness', 'could', 'improve', 'not', 'bad', 'honestly']",packaging look premium freshness could improve not bad honestly
158,Works great with milk but black coffee isn't my favourite. Would love a decaf version.,Neutral,works great with milk but black coffee isnt my favourite would love a decaf version,"['works', 'great', 'with', 'milk', 'but', 'black', 'coffee', 'isnt', 'my', 'favourite', 'would', 'love', 'a', 'decaf', 'version']","['works', 'great', 'milk', 'black', 'coffee', 'isnt', 'favourite', 'would', 'love', 'decaf', 'version']","['work', 'great', 'milk', 'black', 'coffee', 'isnt', 'favourite', 'would', 'love', 'decaf', 'version']",work great milk black coffee isnt favourite would love decaf version
159,Very balanced flavour. Delivery was really fast.,Positive,very balanced flavour delivery was really fast,"['very', 'balanced', 'flavour', 'delivery', 'was', 'really', 'fast']","['balanced', 'flavour', 'delivery', 'really', 'fast']","['balanced', 'flavour', 'delivery', 'really', 'fast']",balanced flavour delivery really fast
160,Not as fresh as expected. Customer service was great too. 😋,Neutral,not as fresh as expected customer service was great too,"['not', 'as', 'fresh', 'as', 'expected', 'customer', 'service', 'was', 'great', 'too']","['not', 'fresh', 'expected', 'customer', 'service', 'great']","['not', 'fresh', 'expected', 'customer', 'service', 'great']",not fresh expected customer service great
161,Not as fresh as expected. Customer service was great too.,Neutral,not as fresh as expected customer service was great too,"['not', 'as', 'fresh', 'as', 'expected', 'customer', 'service', 'was', 'great', 'too']","['not', 'fresh', 'expected', 'customer', 'service', 'great']","['not', 'fresh', 'expected', 'customer', 'service', 'great']",not fresh expected customer service great
162,The beans smell fantastic. Not bad at all tbh. 👎,Neutral,the beans smell fantastic not bad at all honestly,"['the', 'beans', 'smell', 'fantastic', 'not', 'bad', 'at', 'all', 'honestly']","['beans', 'smell', 'fantastic', 'not', 'bad', 'honestly']","['bean', 'smell', 'fantastic', 'not', 'bad', 'honestly']",bean smell fantastic not bad honestly
163,My morning feels incomplete without it. 😋,Positive,my morning feels incomplete without it,"['my', 'morning', 'feels', 'incomplete', 'without', 'it']","['morning', 'feels', 'incomplete', 'without']","['morning', 'feel', 'incomplete', 'without']",morning feel incomplete without
164,Expected better. 😅,Negative,expected better,"['expected', 'better']","['expected', 'better']","['expected', 'better']",expected better
165,I'll definitely buy again. Not bad at all tbh.,Positive,ill definitely buy again not bad at all honestly,"['ill', 'definitely', 'buy', 'again', 'not', 'bad', 'at', 'all', 'honestly']","['ill', 'definitely', 'buy', 'not', 'bad', 'honestly']","['ill', 'definitely', 'buy', 'not', 'bad', 'honestly']",ill definitely buy not bad honestly
166,Way too expensive. Delivery was really fast. ☕,Neutral,way too expensive delivery was really fast,"['way', 'too', 'expensive', 'delivery', 'was', 'really', 'fast']","['way', 'expensive', 'delivery', 'really', 'fast']","['way', 'expensive', 'delivery', 'really', 'fast']",way expensive delivery really fast
167,Very balanced flavour. 😕,Positive,very balanced flavour,"['very', 'balanced', 'flavour']","['balanced', 'flavour']","['balanced', 'flavour']",balanced flavour
168,Pretty good overall although I expected a stronger roast. ngl I expected more. 🤔,Neutral,pretty good overall although i expected a stronger roast honestly i expected more,"['pretty', 'good', 'overall', 'although', 'i', 'expected', 'a', 'stronger', 'roast', 'honestly', 'i', 'expected', 'more']","['pretty', 'good', 'overall', 'although', 'expected', 'stronger', 'roast', 'honestly', 'expected']","['pretty', 'good', 'overall', 'although', 'expected', 'stronger', 'roast', 'honestly', 'expected']",pretty good overall although expected stronger roast honestly expected
169,Really enjoying Coffee X. Would recommend it to friends.,Positive,really enjoying coffee x would recommend it to friends,"['really', 'enjoying', 'coffee', 'x', 'would', 'recommend', 'it', 'to', 'friends']","['really', 'enjoying', 'coffee', 'x', 'would', 'recommend', 'friends']","['really', 'enjoying', 'coffee', 'x', 'would', 'recommend', 'friend']",really enjoying coffee x would recommend friend
170,Very balanced flavour. Not bad at all tbh.,Positive,very balanced flavour not bad at all honestly,"['very', 'balanced', 'flavour', 'not', 'bad', 'at', 'all', 'honestly']","['balanced', 'flavour', 'not', 'bad', 'honestly']","['balanced', 'flavour', 'not', 'bad', 'honestly']",balanced flavour not bad honestly
171,Too bitter for me. Would recommend it to friends.,Neutral,too bitter for me would recommend it to friends,"['too', 'bitter', 'for', 'me', 'would', 'recommend', 'it', 'to', 'friends']","['bitter', 'would', 'recommend', 'friends']","['bitter', 'would', 'recommend', 'friend']",bitter would recommend friend
172,The beans smell fantastic.,Positive,the beans smell fantastic,"['the', 'beans', 'smell', 'fantastic']","['beans', 'smell', 'fantastic']","['bean', 'smell', 'fantastic']",bean smell fantastic
173,Worth every penny. 🤔,Positive,worth every penny,"['worth', 'every', 'penny']","['worth', 'every', 'penny']","['worth', 'every', 'penny']",worth every penny
174,Works great with milk but black coffee isn't my favourite.,Neutral,works great with milk but black coffee isnt my favourite,"['works', 'great', 'with', 'milk', 'but', 'black', 'coffee', 'isnt', 'my', 'favourite']","['works', 'great', 'milk', 'black', 'coffee', 'isnt', 'favourite']","['work', 'great', 'milk', 'black', 'coffee', 'isnt', 'favourite']",work great milk black coffee isnt favourite
175,Taste is kinda weak. Would reccomend it to friends.,Neutral,taste is kinda weak would reccomend it to friends,"['taste', 'is', 'kinda', 'weak', 'would', 'reccomend', 'it', 'to', 'friends']","['taste', 'kinda', 'weak', 'would', 'reccomend', 'friends']","['taste', 'kinda', 'weak', 'would', 'reccomend', 'friend']",taste kinda weak would reccomend friend
176,Worth every penny.,Positive,worth every penny,"['worth', 'every', 'penny']","['worth', 'every', 'penny']","['worth', 'every', 'penny']",worth every penny
177,Works great with milk but black coffee isn't my favourite. 😍,Neutral,works great with milk but black coffee isnt my favourite,"['works', 'great', 'with', 'milk', 'but', 'black', 'coffee', 'isnt', 'my', 'favourite']","['works', 'great', 'milk', 'black', 'coffee', 'isnt', 'favourite']","['work', 'great', 'milk', 'black', 'coffee', 'isnt', 'favourite']",work great milk black coffee isnt favourite
178,Super smooth taste 😋,Positive,super smooth taste,"['super', 'smooth', 'taste']","['super', 'smooth', 'taste']","['super', 'smooth', 'taste']",super smooth taste
179,Way too expensive. Hope you keep the quality consistent.,Neutral,way too expensive hope you keep the quality consistent,"['way', 'too', 'expensive', 'hope', 'you', 'keep', 'the', 'quality', 'consistent']","['way', 'expensive', 'hope', 'keep', 'quality', 'consistent']","['way', 'expensive', 'hope', 'keep', 'quality', 'consistent']",way expensive hope keep quality consistent
180,Bit disappointed,Negative,bit disappointed,"['bit', 'disappointed']","['bit', 'disappointed']","['bit', 'disappointed']",bit disappointed
181,Packaging could be better,Negative,packaging could be better,"['packaging', 'could', 'be', 'better']","['packaging', 'could', 'better']","['packaging', 'could', 'better']",packaging could better
182,Taste is nice but it's a bit pricey. Delivery was really fast. 😕,Neutral,taste is nice but its a bit pricey delivery was really fast,"['taste', 'is', 'nice', 'but', 'its', 'a', 'bit', 'pricey', 'delivery', 'was', 'really', 'fast']","['taste', 'nice', 'bit', 'pricey', 'delivery', 'really', 'fast']","['taste', 'nice', 'bit', 'pricey', 'delivery', 'really', 'fast']",taste nice bit pricey delivery really fast
183,"Love the aroma, not a fan of the aftertaste. Not bad at all tbh. 😍",Neutral,love the aroma not a fan of the aftertaste not bad at all honestly,"['love', 'the', 'aroma', 'not', 'a', 'fan', 'of', 'the', 'aftertaste', 'not', 'bad', 'at', 'all', 'honestly']","['love', 'aroma', 'not', 'fan', 'aftertaste', 'not', 'bad', 'honestly']","['love', 'aroma', 'not', 'fan', 'aftertaste', 'not', 'bad', 'honestly']",love aroma not fan aftertaste not bad honestly
184,Worth every penny. Hope you keep the quality consistent.,Neutral,worth every penny hope you keep the quality consistent,"['worth', 'every', 'penny', 'hope', 'you', 'keep', 'the', 'quality', 'consistent']","['worth', 'every', 'penny', 'hope', 'keep', 'quality', 'consistent']","['worth', 'every', 'penny', 'hope', 'keep', 'quality', 'consistent']",worth every penny hope keep quality consistent
185,Bit disappointed. Would love a decaf version. ☕,Neutral,bit disappointed would love a decaf version,"['bit', 'disappointed', 'would', 'love', 'a', 'decaf', 'version']","['bit', 'disappointed', 'would', 'love', 'decaf', 'version']","['bit', 'disappointed', 'would', 'love', 'decaf', 'version']",bit disappointed would love decaf version
186,My morning feels incomplete without it. Would love a decaf version.,Positive,my morning feels incomplete without it would love a decaf version,"['my', 'morning', 'feels', 'incomplete', 'without', 'it', 'would', 'love', 'a', 'decaf', 'version']","['morning', 'feels', 'incomplete', 'without', 'would', 'love', 'decaf', 'version']","['morning', 'feel', 'incomplete', 'without', 'would', 'love', 'decaf', 'version']",morning feel incomplete without would love decaf version
187,Didn't enjoy the aftertaste. imo it's one of the better brands.,Neutral,didnt enjoy the aftertaste opinion its one of the better brands,"['didnt', 'enjoy', 'the', 'aftertaste', 'opinion', 'its', 'one', 'of', 'the', 'better', 'brands']","['didnt', 'enjoy', 'aftertaste', 'opinion', 'one', 'better', 'brands']","['didnt', 'enjoy', 'aftertaste', 'opinion', 'one', 'better', 'brand']",didnt enjoy aftertaste opinion one better brand
188,Best coffee I've had in a while. Please introduce more roast options.,Positive,best coffee ive had in a while please introduce more roast options,"['best', 'coffee', 'ive', 'had', 'in', 'a', 'while', 'please', 'introduce', 'more', 'roast', 'options']","['best', 'coffee', 'ive', 'please', 'introduce', 'roast', 'options']","['best', 'coffee', 'ive', 'please', 'introduce', 'roast', 'option']",best coffee ive please introduce roast option
189,Works great with milk but black coffee isn't my favourite. Customer service was gr8 too.,Neutral,works great with milk but black coffee isnt my favourite customer service was gr too,"['works', 'great', 'with', 'milk', 'but', 'black', 'coffee', 'isnt', 'my', 'favourite', 'customer', 'service', 'was', 'gr', 'too']","['works', 'great', 'milk', 'black', 'coffee', 'isnt', 'favourite', 'customer', 'service', 'gr']","['work', 'great', 'milk', 'black', 'coffee', 'isnt', 'favourite', 'customer', 'service', 'gr']",work great milk black coffee isnt favourite customer service gr
190,Way too expensive. ngl I expected more.,Neutral,way too expensive honestly i expected more,"['way', 'too', 'expensive', 'honestly', 'i', 'expected', 'more']","['way', 'expensive', 'honestly', 'expected']","['way', 'expensive', 'honestly', 'expected']",way expensive honestly expected
191,Really enjoying Coffee X. Not bad at all tbh. 😕,Positive,really enjoying coffee x not bad at all honestly,"['really', 'enjoying', 'coffee', 'x', 'not', 'bad', 'at', 'all', 'honestly']","['really', 'enjoying', 'coffee', 'x', 'not', 'bad', 'honestly']","['really', 'enjoying', 'coffee', 'x', 'not', 'bad', 'honestly']",really enjoying coffee x not bad honestly
192,Expected better. Not bad at all tbh.,Neutral,expected better not bad at all honestly,"['expected', 'better', 'not', 'bad', 'at', 'all', 'honestly']","['expected', 'better', 'not', 'bad', 'honestly']","['expected', 'better', 'not', 'bad', 'honestly']",expected better not bad honestly
193,Yumm 😋 🤔,Positive,yumm,['yumm'],['yumm'],['yumm'],yumm
194,Really enjoying Coffee X. Hope you keep the quality consistent. 😅,Positive,really enjoying coffee x hope you keep the quality consistent,"['really', 'enjoying', 'coffee', 'x', 'hope', 'you', 'keep', 'the', 'quality', 'consistent']","['really', 'enjoying', 'coffee', 'x', 'hope', 'keep', 'quality', 'consistent']","['really', 'enjoying', 'coffee', 'x', 'hope', 'keep', 'quality', 'consistent']",really enjoying coffee x hope keep quality consistent
195,Works great with milk but black coffee isn't my favourite. Not bad at all tbh. 😍,Neutral,works great with milk but black coffee isnt my favourite not bad at all honestly,"['works', 'great', 'with', 'milk', 'but', 'black', 'coffee', 'isnt', 'my', 'favourite', 'not', 'bad', 'at', 'all', 'honestly']","['works', 'great', 'milk', 'black', 'coffee', 'isnt', 'favourite', 'not', 'bad', 'honestly']","['work', 'great', 'milk', 'black', 'coffee', 'isnt', 'favourite', 'not', 'bad', 'honestly']",work great milk black coffee isnt favourite not bad honestly
196,Didn't enjoy the aftertaste 😋,Negative,didnt enjoy the aftertaste,"['didnt', 'enjoy', 'the', 'aftertaste']","['didnt', 'enjoy', 'aftertaste']","['didnt', 'enjoy', 'aftertaste']",didnt enjoy aftertaste
197,Amazing aroma. Delivery was rly fast. 😅,Positive,amazing aroma delivery was rly fast,"['amazing', 'aroma', 'delivery', 'was', 'rly', 'fast']","['amazing', 'aroma', 'delivery', 'rly', 'fast']","['amazing', 'aroma', 'delivery', 'rly', 'fast']",amazing aroma delivery rly fast
198,Best coffee I've had in a while.,Positive,best coffee ive had in a while,"['best', 'coffee', 'ive', 'had', 'in', 'a', 'while']","['best', 'coffee', 'ive']","['best', 'coffee', 'ive']",best coffee ive
199,Taste is kinda weak. Hope you keep the quality consistent. ❤️,Neutral,taste is kinda weak hope you keep the quality consistent,"['taste', 'is', 'kinda', 'weak', 'hope', 'you', 'keep', 'the', 'quality', 'consistent']","['taste', 'kinda', 'weak', 'hope', 'keep', 'quality', 'consistent']","['taste', 'kinda', 'weak', 'hope', 'keep', 'quality', 'consistent']",taste kinda weak hope keep quality consistent
200,Wouldn't buy again. ❤️,Positive,wouldnt buy again,"['wouldnt', 'buy', 'again']","['wouldnt', 'buy']","['wouldnt', 'buy']",wouldnt buy
201,Works great with milk but black coffee isn't my favourite. 😅,Neutral,works great with milk but black coffee isnt my favourite,"['works', 'great', 'with', 'milk', 'but', 'black', 'coffee', 'isnt', 'my', 'favourite']","['works', 'great', 'milk', 'black', 'coffee', 'isnt', 'favourite']","['work', 'great', 'milk', 'black', 'coffee', 'isnt', 'favourite']",work great milk black coffee isnt favourite
202,Worth every penny. Delivery was realy fast. ❤️,Positive,worth every penny delivery was realy fast,"['worth', 'every', 'penny', 'delivery', 'was', 'realy', 'fast']","['worth', 'every', 'penny', 'delivery', 'realy', 'fast']","['worth', 'every', 'penny', 'delivery', 'realy', 'fast']",worth every penny delivery realy fast
203,Packaging looks premium but freshness could improve. Not bad at all tbh. 👎,Neutral,packaging looks premium but freshness could improve not bad at all honestly,"['packaging', 'looks', 'premium', 'but', 'freshness', 'could', 'improve', 'not', 'bad', 'at', 'all', 'honestly']","['packaging', 'looks', 'premium', 'freshness', 'could', 'improve', 'not', 'bad', 'honestly']","['packaging', 'look', 'premium', 'freshness', 'could', 'improve', 'not', 'bad', 'honestly']",packaging look premium freshness could improve not bad honestly
204,"Love the aroma, not a fan of the aftertaste. 🤔",Neutral,love the aroma not a fan of the aftertaste,"['love', 'the', 'aroma', 'not', 'a', 'fan', 'of', 'the', 'aftertaste']","['love', 'aroma', 'not', 'fan', 'aftertaste']","['love', 'aroma', 'not', 'fan', 'aftertaste']",love aroma not fan aftertaste
205,Best cofee I've had in a while. 👍,Positive,best cofee ive had in a while,"['best', 'cofee', 'ive', 'had', 'in', 'a', 'while']","['best', 'cofee', 'ive']","['best', 'cofee', 'ive']",best cofee ive
206,Way too expensive. Hope you keep the quality consistent. 😊,Neutral,way too expensive hope you keep the quality consistent,"['way', 'too', 'expensive', 'hope', 'you', 'keep', 'the', 'quality', 'consistent']","['way', 'expensive', 'hope', 'keep', 'quality', 'consistent']","['way', 'expensive', 'hope', 'keep', 'quality', 'consistent']",way expensive hope keep quality consistent
207,"Love the aroma, not a fan of the aftertaste. Hope you keep the quality consistent.",Neutral,love the aroma not a fan of the aftertaste hope you keep the quality consistent,"['love', 'the', 'aroma', 'not', 'a', 'fan', 'of', 'the', 'aftertaste', 'hope', 'you', 'keep', 'the', 'quality', 'consistent']","['love', 'aroma', 'not', 'fan', 'aftertaste', 'hope', 'keep', 'quality', 'consistent']","['love', 'aroma', 'not', 'fan', 'aftertaste', 'hope', 'keep', 'quality', 'consistent']",love aroma not fan aftertaste hope keep quality consistent
208,Love this coffee 😕,Positive,love this coffee,"['love', 'this', 'coffee']","['love', 'coffee']","['love', 'coffee']",love coffee
209,My morning feels incomplete without it.,Positive,my morning feels incomplete without it,"['my', 'morning', 'feels', 'incomplete', 'without', 'it']","['morning', 'feels', 'incomplete', 'without']","['morning', 'feel', 'incomplete', 'without']",morning feel incomplete without
210,Super smooth taste,Positive,super smooth taste,"['super', 'smooth', 'taste']","['super', 'smooth', 'taste']","['super', 'smooth', 'taste']",super smooth taste
211,Very balanced flavour. Would love a decaf version. 🤔,Positive,very balanced flavour would love a decaf version,"['very', 'balanced', 'flavour', 'would', 'love', 'a', 'decaf', 'version']","['balanced', 'flavour', 'would', 'love', 'decaf', 'version']","['balanced', 'flavour', 'would', 'love', 'decaf', 'version']",balanced flavour would love decaf version
212,cofee arrived stale. imo it's one of the better brands.,Neutral,cofee arrived stale opinion its one of the better brands,"['cofee', 'arrived', 'stale', 'opinion', 'its', 'one', 'of', 'the', 'better', 'brands']","['cofee', 'arrived', 'stale', 'opinion', 'one', 'better', 'brands']","['cofee', 'arrived', 'stale', 'opinion', 'one', 'better', 'brand']",cofee arrived stale opinion one better brand
213,Amazing 😍 😋,Positive,amazing,['amazing'],['amazing'],['amazing'],amazing
214,Super smooth taste. Would love a decaf version. 👍,Positive,super smooth taste would love a decaf version,"['super', 'smooth', 'taste', 'would', 'love', 'a', 'decaf', 'version']","['super', 'smooth', 'taste', 'would', 'love', 'decaf', 'version']","['super', 'smooth', 'taste', 'would', 'love', 'decaf', 'version']",super smooth taste would love decaf version
215,"Love the aroma, not a fan of the aftertaste. Hope you keep the qualty consistent. 😋",Neutral,love the aroma not a fan of the aftertaste hope you keep the qualty consistent,"['love', 'the', 'aroma', 'not', 'a', 'fan', 'of', 'the', 'aftertaste', 'hope', 'you', 'keep', 'the', 'qualty', 'consistent']","['love', 'aroma', 'not', 'fan', 'aftertaste', 'hope', 'keep', 'qualty', 'consistent']","['love', 'aroma', 'not', 'fan', 'aftertaste', 'hope', 'keep', 'qualty', 'consistent']",love aroma not fan aftertaste hope keep qualty consistent
216,Expected better. imo it's one of the better brands.,Neutral,expected better opinion its one of the better brands,"['expected', 'better', 'opinion', 'its', 'one', 'of', 'the', 'better', 'brands']","['expected', 'better', 'opinion', 'one', 'better', 'brands']","['expected', 'better', 'opinion', 'one', 'better', 'brand']",expected better opinion one better brand
217,Works gr8 with milk but black coffee isn't my favourite. Customer service was great too.,Neutral,works gr with milk but black coffee isnt my favourite customer service was great too,"['works', 'gr', 'with', 'milk', 'but', 'black', 'coffee', 'isnt', 'my', 'favourite', 'customer', 'service', 'was', 'great', 'too']","['works', 'gr', 'milk', 'black', 'coffee', 'isnt', 'favourite', 'customer', 'service', 'great']","['work', 'gr', 'milk', 'black', 'coffee', 'isnt', 'favourite', 'customer', 'service', 'great']",work gr milk black coffee isnt favourite customer service great
218,Super smooth taste. Please introduce more roast options. 😕,Positive,super smooth taste please introduce more roast options,"['super', 'smooth', 'taste', 'please', 'introduce', 'more', 'roast', 'options']","['super', 'smooth', 'taste', 'please', 'introduce', 'roast', 'options']","['super', 'smooth', 'taste', 'please', 'introduce', 'roast', 'option']",super smooth taste please introduce roast option
219,I'll definately buy again ❤️,Positive,ill definately buy again,"['ill', 'definately', 'buy', 'again']","['ill', 'definately', 'buy']","['ill', 'definately', 'buy']",ill definately buy
220,Coffee arrived stale. Would love a decaf version.,Neutral,coffee arrived stale would love a decaf version,"['coffee', 'arrived', 'stale', 'would', 'love', 'a', 'decaf', 'version']","['coffee', 'arrived', 'stale', 'would', 'love', 'decaf', 'version']","['coffee', 'arrived', 'stale', 'would', 'love', 'decaf', 'version']",coffee arrived stale would love decaf version
221,Best coffee I've had in a while. Customer service was great too.,Positive,best coffee ive had in a while customer service was great too,"['best', 'coffee', 'ive', 'had', 'in', 'a', 'while', 'customer', 'service', 'was', 'great', 'too']","['best', 'coffee', 'ive', 'customer', 'service', 'great']","['best', 'coffee', 'ive', 'customer', 'service', 'great']",best coffee ive customer service great
222,Packaging looks premium but freshness could improve. Customer service was great too.,Neutral,packaging looks premium but freshness could improve customer service was great too,"['packaging', 'looks', 'premium', 'but', 'freshness', 'could', 'improve', 'customer', 'service', 'was', 'great', 'too']","['packaging', 'looks', 'premium', 'freshness', 'could', 'improve', 'customer', 'service', 'great']","['packaging', 'look', 'premium', 'freshness', 'could', 'improve', 'customer', 'service', 'great']",packaging look premium freshness could improve customer service great
223,Amazing aroma. Delivery was really fast. 😅,Positive,amazing aroma delivery was really fast,"['amazing', 'aroma', 'delivery', 'was', 'really', 'fast']","['amazing', 'aroma', 'delivery', 'really', 'fast']","['amazing', 'aroma', 'delivery', 'really', 'fast']",amazing aroma delivery really fast
224,Super smooth taste. Hope you keep the quality consistent. 😋,Positive,super smooth taste hope you keep the quality consistent,"['super', 'smooth', 'taste', 'hope', 'you', 'keep', 'the', 'quality', 'consistent']","['super', 'smooth', 'taste', 'hope', 'keep', 'quality', 'consistent']","['super', 'smooth', 'taste', 'hope', 'keep', 'quality', 'consistent']",super smooth taste hope keep quality consistent
225,I'll definitely buy again. Customer service was great too. 😊,Positive,ill definitely buy again customer service was great too,"['ill', 'definitely', 'buy', 'again', 'customer', 'service', 'was', 'great', 'too']","['ill', 'definitely', 'buy', 'customer', 'service', 'great']","['ill', 'definitely', 'buy', 'customer', 'service', 'great']",ill definitely buy customer service great
226,Very balanced flavour,Positive,very balanced flavour,"['very', 'balanced', 'flavour']","['balanced', 'flavour']","['balanced', 'flavour']",balanced flavour
227,Didn't enjoy the aftertaste.,Negative,didnt enjoy the aftertaste,"['didnt', 'enjoy', 'the', 'aftertaste']","['didnt', 'enjoy', 'aftertaste']","['didnt', 'enjoy', 'aftertaste']",didnt enjoy aftertaste
228,Expected better. I drink it every morning. 😊,Neutral,expected better i drink it every morning,"['expected', 'better', 'i', 'drink', 'it', 'every', 'morning']","['expected', 'better', 'drink', 'every', 'morning']","['expected', 'better', 'drink', 'every', 'morning']",expected better drink every morning
229,Taste is kinda weak. 😅,Negative,taste is kinda weak,"['taste', 'is', 'kinda', 'weak']","['taste', 'kinda', 'weak']","['taste', 'kinda', 'weak']",taste kinda weak
230,Packaging could be better. Hope you keep the quality consistent.,Neutral,packaging could be better hope you keep the quality consistent,"['packaging', 'could', 'be', 'better', 'hope', 'you', 'keep', 'the', 'quality', 'consistent']","['packaging', 'could', 'better', 'hope', 'keep', 'quality', 'consistent']","['packaging', 'could', 'better', 'hope', 'keep', 'quality', 'consistent']",packaging could better hope keep quality consistent
231,Really enjoying Coffee X. Please introduce more roast options.,Positive,really enjoying coffee x please introduce more roast options,"['really', 'enjoying', 'coffee', 'x', 'please', 'introduce', 'more', 'roast', 'options']","['really', 'enjoying', 'coffee', 'x', 'please', 'introduce', 'roast', 'options']","['really', 'enjoying', 'coffee', 'x', 'please', 'introduce', 'roast', 'option']",really enjoying coffee x please introduce roast option
232,Too bitter for me. imo it's one of the better brands.,Neutral,too bitter for me opinion its one of the better brands,"['too', 'bitter', 'for', 'me', 'opinion', 'its', 'one', 'of', 'the', 'better', 'brands']","['bitter', 'opinion', 'one', 'better', 'brands']","['bitter', 'opinion', 'one', 'better', 'brand']",bitter opinion one better brand
233,Best cofee I've had in a while. Customer service was gr8 too.,Positive,best cofee ive had in a while customer service was gr too,"['best', 'cofee', 'ive', 'had', 'in', 'a', 'while', 'customer', 'service', 'was', 'gr', 'too']","['best', 'cofee', 'ive', 'customer', 'service', 'gr']","['best', 'cofee', 'ive', 'customer', 'service', 'gr']",best cofee ive customer service gr
234,Wouldn't buy again. Not bad at all tbh.,Neutral,wouldnt buy again not bad at all honestly,"['wouldnt', 'buy', 'again', 'not', 'bad', 'at', 'all', 'honestly']","['wouldnt', 'buy', 'not', 'bad', 'honestly']","['wouldnt', 'buy', 'not', 'bad', 'honestly']",wouldnt buy not bad honestly
235,Super smooth taste. Would recommend it to friends.,Positive,super smooth taste would recommend it to friends,"['super', 'smooth', 'taste', 'would', 'recommend', 'it', 'to', 'friends']","['super', 'smooth', 'taste', 'would', 'recommend', 'friends']","['super', 'smooth', 'taste', 'would', 'recommend', 'friend']",super smooth taste would recommend friend
236,I'll definetly buy again,Positive,ill definetly buy again,"['ill', 'definetly', 'buy', 'again']","['ill', 'definetly', 'buy']","['ill', 'definetly', 'buy']",ill definetly buy
237,The beans smell fantastic. Delivery was really fast. 👎,Positive,the beans smell fantastic delivery was really fast,"['the', 'beans', 'smell', 'fantastic', 'delivery', 'was', 'really', 'fast']","['beans', 'smell', 'fantastic', 'delivery', 'really', 'fast']","['bean', 'smell', 'fantastic', 'delivery', 'really', 'fast']",bean smell fantastic delivery really fast
238,Pretty good!,Positive,pretty good,"['pretty', 'good']","['pretty', 'good']","['pretty', 'good']",pretty good
239,Taste is nice but it's a bit pricey. Not bad at all tbh. 😕,Neutral,taste is nice but its a bit pricey not bad at all honestly,"['taste', 'is', 'nice', 'but', 'its', 'a', 'bit', 'pricey', 'not', 'bad', 'at', 'all', 'honestly']","['taste', 'nice', 'bit', 'pricey', 'not', 'bad', 'honestly']","['taste', 'nice', 'bit', 'pricey', 'not', 'bad', 'honestly']",taste nice bit pricey not bad honestly
240,Amazing aroma. ngl I expected more.,Neutral,amazing aroma honestly i expected more,"['amazing', 'aroma', 'honestly', 'i', 'expected', 'more']","['amazing', 'aroma', 'honestly', 'expected']","['amazing', 'aroma', 'honestly', 'expected']",amazing aroma honestly expected
241,Packaging could be better. imo it's one of the better brands.,Neutral,packaging could be better opinion its one of the better brands,"['packaging', 'could', 'be', 'better', 'opinion', 'its', 'one', 'of', 'the', 'better', 'brands']","['packaging', 'could', 'better', 'opinion', 'one', 'better', 'brands']","['packaging', 'could', 'better', 'opinion', 'one', 'better', 'brand']",packaging could better opinion one better brand
242,Not as fresh as expected. imo it's one of the better brands.,Neutral,not as fresh as expected opinion its one of the better brands,"['not', 'as', 'fresh', 'as', 'expected', 'opinion', 'its', 'one', 'of', 'the', 'better', 'brands']","['not', 'fresh', 'expected', 'opinion', 'one', 'better', 'brands']","['not', 'fresh', 'expected', 'opinion', 'one', 'better', 'brand']",not fresh expected opinion one better brand
243,Very balanced flavour. Would love a decaf version. ❤️,Positive,very balanced flavour would love a decaf version,"['very', 'balanced', 'flavour', 'would', 'love', 'a', 'decaf', 'version']","['balanced', 'flavour', 'would', 'love', 'decaf', 'version']","['balanced', 'flavour', 'would', 'love', 'decaf', 'version']",balanced flavour would love decaf version
244,Amazing aroma,Positive,amazing aroma,"['amazing', 'aroma']","['amazing', 'aroma']","['amazing', 'aroma']",amazing aroma
245,Pretty good overall although I expected a stronger roast. Not bad at all tbh.,Neutral,pretty good overall although i expected a stronger roast not bad at all honestly,"['pretty', 'good', 'overall', 'although', 'i', 'expected', 'a', 'stronger', 'roast', 'not', 'bad', 'at', 'all', 'honestly']","['pretty', 'good', 'overall', 'although', 'expected', 'stronger', 'roast', 'not', 'bad', 'honestly']","['pretty', 'good', 'overall', 'although', 'expected', 'stronger', 'roast', 'not', 'bad', 'honestly']",pretty good overall although expected stronger roast not bad honestly
246,I'll definitely buy again. Would recommend it to friends.,Positive,ill definitely buy again would recommend it to friends,"['ill', 'definitely', 'buy', 'again', 'would', 'recommend', 'it', 'to', 'friends']","['ill', 'definitely', 'buy', 'would', 'recommend', 'friends']","['ill', 'definitely', 'buy', 'would', 'recommend', 'friend']",ill definitely buy would recommend friend
247,Could be better. 😍,Negative,could be better,"['could', 'be', 'better']","['could', 'better']","['could', 'better']",could better
248,I'll definitely buy again.,Positive,ill definitely buy again,"['ill', 'definitely', 'buy', 'again']","['ill', 'definitely', 'buy']","['ill', 'definitely', 'buy']",ill definitely buy
249,"Love the aroma, not a fan of the aftertaste. 😕",Neutral,love the aroma not a fan of the aftertaste,"['love', 'the', 'aroma', 'not', 'a', 'fan', 'of', 'the', 'aftertaste']","['love', 'aroma', 'not', 'fan', 'aftertaste']","['love', 'aroma', 'not', 'fan', 'aftertaste']",love aroma not fan aftertaste
250,Super smooth taste 😍,Positive,super smooth taste,"['super', 'smooth', 'taste']","['super', 'smooth', 'taste']","['super', 'smooth', 'taste']",super smooth taste
