id,gender
1,female
2,female
3,female
4,male
5,female
6,female
7,female
8,female
9,male
10,male
11,female
12,female
13,male
14,female
15,female
16,male
17,male
18,female
19,male
20,male
21,male
22,female
23,female
24,female
25,female
26,male
27,female
28,male
29,female
30,male
31,male
32,female
33,male
34,female
35,female
36,male
37,female
38,female
39,female
40,male
41,male
42,male
43,male
44,female
45,female
46,female
47,female
48,female
49,female
50,female
51,male
52,female
53,female
54,female
55,female
56,male
57,female
58,female
59,male
60,female
61,female
62,male
63,female
64,male
65,female
66,male
67,female
68,female
69,male
70,female
71,female
72,female
73,male
74,male
75,male
76,female
77,male
78,female
79,female
80,female
81,female
82,male
83,female
84,female
85,male
86,male
87,female
88,male
89,male
90,female
91,female
92,female
93,female
94,female
95,female
96,female
97,male
98,female
99,male
100,male
101,female
102,female
103,female
104,female
105,female
106,female
107,female
108,female
109,female
110,female
111,male
112,female
113,male
114,female
115,male
116,male
117,male
118,female
119,male
120,female
121,male
122,female
123,female
124,female
125,male
126,female
127,male
128,female
129,female
130,female
131,female
132,male
133,female
134,male
135,male
136,female
137,female
138,female
139,male
140,female
141,female
142,male
143,male
144,female
145,female
146,female
147,female
148,female
149,male
150,male
151,female
152,female
153,male
154,female
155,male
156,male
157,male
158,male
159,female
160,male
161,female
162,male
163,female
164,male
165,male
166,female
167,female
168,male
169,female
170,female
171,female
172,female
173,male
174,female
175,male
176,female
177,male
178,male
179,male
180,male
181,male
182,male
183,female
184,male
185,male
186,female
187,female
188,male
189,female
190,female
191,male
192,female
193,female
194,female
195,female
196,female
197,male
198,female
199,male
200,female
201,female
202,female
203,female
204,female
205,male
206,female
207,female
208,male
209,female
210,male
211,female
212,male
213,female
214,female
215,male
216,female
217,male
218,female
219,female
220,male
221,male
222,male
223,male
224,female
225,male
226,male
227,male
228,female
229,female
230,male
231,male
232,female
233,female
234,male
235,male
236,male
237,female
238,male
239,male
240,female
241,female
242,female
243,male
244,female
245,female
246,female
247,male
248,female
249,female
250,female
251,male
252,female
253,female
254,male
255,female
256,female
257,female
258,female
259,female
260,male
261,female
262,male
263,male
264,female
265,female
266,male
267,male
268,female
269,male
270,female
271,male
272,female
273,male
274,male
275,male
276,female
277,male
278,male
279,male
280,male
281,male
282,male
283,male
284,male
285,female
286,female
287,male
288,male
289,male
290,female
291,female
292,male
293,female
294,female
295,female
296,female
297,female
298,female
299,female
300,female
301,female
302,male
303,female
304,female
305,female
306,female
307,female
308,male
309,male
310,female
311,male
312,male
313,male
314,female
315,female
316,male
317,female
318,male
319,female
320,male
321,female
322,female
323,male
324,male
325,female
326,male
327,male
328,male
329,male
330,female
331,male
332,female
333,male
334,female
335,male
336,male
337,female
338,male
339,female
340,male
341,female
342,female
343,male
344,male
345,female
346,female
347,male
348,female
349,female
350,male
351,male
352,female
353,male
354,male
355,female
356,female
357,male
358,male
359,female
360,female
361,male
362,male
363,male
364,female
365,male
366,male
367,female
368,male
369,female
370,male
371,male
372,female
373,male
374,female
375,female
376,male
377,male
378,female
379,male
380,female
381,male
382,male
383,male
384,female
385,female
386,female
387,male
388,female
389,female
390,male
391,male
392,female
393,female
394,male
395,male
396,male
397,female
398,female
399,male
400,male
401,male
402,female
403,female
404,male
405,male
406,female
407,female
408,male
409,male
410,male
411,female
412,male
413,female
414,female
415,female
416,male
417,male
418,female
419,female
420,female
421,female
422,female
423,female
424,female
425,male
426,female
427,male
428,female
429,male
430,male
431,male
432,female
433,male
434,male
435,male
436,female
437,female
438,male
439,male
440,female
441,male
442,male
443,male
444,male
445,female
446,male
447,female
448,female
449,female
450,male
451,male
452,female
453,male
454,female
455,male
456,female
457,male
458,male
459,female
460,female
461,male
462,female
463,male
464,female
465,male
466,male
467,male
468,male
469,male
470,female
471,male
472,female
473,female
474,female
475,female
476,male
477,female
478,male
479,male
480,female
481,female
482,female
483,male
484,male
485,male
486,male
487,male
488,female
489,male
490,female
491,female
492,male
493,female
494,female
495,female
496,female
497,male
498,male
499,female
500,female
501,male
502,male
503,male
504,male
505,female
506,female
507,male
508,female
509,female
510,female
511,male
512,male
513,female
514,female
515,male
516,male
517,male
518,female
519,male
520,female
521,female
522,male
523,male
524,male
525,male
526,male
527,male
528,female
529,female
530,female
531,male
532,female
533,male
534,female
535,male
536,female
537,male
538,male
539,male
540,male
541,female
542,female
543,female
544,female
545,male
546,female
547,female
548,female
549,female
550,female
551,male
552,male
553,male
554,male
555,male
556,male
557,female
558,female
559,female
560,female
561,female
562,female
563,female
564,female
565,male
566,female
567,female
568,male
569,male
570,male
571,male
572,female
573,male
574,female
575,male
576,female
577,female
578,female
579,female
580,male
581,female
582,female
583,female
584,male
585,male
586,male
587,male
588,female
589,female
590,female
591,female
592,male
593,male
594,male
595,male
596,male
597,male
598,male
599,male
600,male
601,female
602,female
603,male
604,male
605,male
606,female
607,male
608,female
609,female
610,female
611,male
612,male
613,female
614,female
615,male
616,female
617,male
618,female
619,female
620,male
621,female
622,male
623,male
624,male
625,female
626,male
627,male
628,male
629,male
630,female
631,female
632,male
633,male
634,female
635,female
636,female
637,male
638,female
639,male
640,female
641,male
642,male
643,male
644,female
645,female
646,female
647,male
648,female
649,female
650,male
651,male
652,male
653,male
654,male
655,male
656,male
657,female
658,female
659,female
660,male
661,male
662,female
663,female
664,male
665,male
666,male
667,female
668,female
669,male
670,male
671,male
672,female
673,female
674,male
675,female
676,female
677,male
678,female
679,male
680,female
681,male
682,female
683,female
684,male
685,male
686,female
687,male
688,female
689,male
690,male
691,female
692,female
693,female
694,female
695,female
696,male
697,male
698,female
699,female
700,female
701,female
702,female
703,male
704,female
705,male
706,male
707,female
708,male
709,female
710,male
711,female
712,female
713,male
714,male
715,male
716,male
717,female
718,female
719,male
720,female
721,male
722,male
723,male
724,male
725,female
726,male
727,male
728,male
729,male
730,male
731,male
732,female
733,female
734,female
735,female
736,female
737,female
738,male
739,male
740,female
741,female
742,female
743,female
744,female
745,female
746,male
747,male
748,male
749,female
750,female
751,female
752,female
753,male
754,male
755,male
756,female
757,male
758,female
759,female
760,female
761,male
762,female
763,female
764,female
765,male
766,male
767,male
768,female
769,female
770,male
771,female
772,female
773,male
774,female
775,female
776,female
777,female
778,female
779,male
780,female
781,male
782,female
783,female
784,female
785,male
786,male
787,female
788,female
789,female
790,male
791,male
792,female
793,female
794,female
795,male
796,male
797,female
798,female
799,male
800,female
801,male
802,male
803,female
804,male
805,male
806,female
807,female
808,male
809,male
810,male
811,male
812,male
813,male
814,male
815,female
816,female
817,female
818,female
819,female
820,male
821,male
822,female
823,female
824,male
825,male
826,female
827,male
828,female
829,male
830,male
831,male
832,male
833,male
834,male
835,male
836,male
837,male
838,female
839,male
840,male
841,male
842,male
843,male
844,female
845,male
846,male
847,female
848,male
849,female
850,female
851,male
852,female
853,male
854,male
855,male
856,male
857,female
858,male
859,male
860,female
861,female
862,female
863,male
864,female
865,male
866,female
867,male
868,female
869,male
870,male
871,female
872,female
873,male
874,female
875,male
876,female
877,female
878,female
879,male
880,male
881,male
882,male
883,male
884,male
885,male
886,female
887,male
888,female
889,male
890,female
891,female
892,male
893,male
894,female
895,female
896,female
897,female
898,male
899,female
900,female
901,male
902,female
903,male
904,female
905,female
906,male
907,female
908,female
909,male
910,male
911,male
912,male
913,female
914,female
915,female
916,male
917,male
918,male
919,male
920,female
921,female
922,female
923,female
924,male
925,female
926,female
927,male
928,female
929,female
930,female
931,male
932,male
933,female
934,male
935,male
936,male
937,male
938,male
939,female
940,female
941,female
942,female
943,female
944,male
945,male
946,male
947,female
948,female
949,female
950,female
951,female
952,male
953,male
954,female
955,female
956,male
957,male
958,male
959,male
960,female
961,male
962,female
963,male
964,female
965,female
966,male
967,female
968,male
969,female
970,male
971,male
972,male
973,male
974,male
975,male
976,female
977,male
978,female
979,female
980,female
981,male
982,male
983,female
984,male
985,female
986,female
987,male
988,female
989,male
990,female
991,female
992,female
993,female
994,male
995,female
996,female
997,male
998,female
999,male
1000,male
1001,male
1002,female
1003,female
1004,female
1005,male
1006,male
1007,male
1008,male
1009,male
1010,male
1011,female
1012,male
1013,female
1014,female
1015,male
1016,female
1017,female
1018,female
1019,female
1020,male
1021,male
1022,male
1023,female
1024,female
1025,male
1026,female
1027,female
1028,female
1029,male
1030,male
1031,male
1032,female
1033,female
1034,male
1035,female
1036,female
1037,male
1038,female
1039,male
1040,male
1041,female
1042,female
1043,male
1044,male
1045,male
1046,male
1047,male
1048,male
1049,male
1050,female
1051,male
1052,female
1053,female
1054,male
1055,male
1056,female
1057,male
1058,male
1059,female
1060,male
1061,male
1062,female
1063,male
1064,male
1065,female
1066,male
1067,male
1068,male
1069,male
1070,male
1071,male
1072,female
1073,female
1074,male
1075,female
1076,male
1077,male
1078,male
1079,female
1080,male
1081,male
1082,male
1083,male
1084,female
1085,male
1086,male
1087,male
1088,male
1089,male
1090,male
1091,male
1092,female
1093,female
1094,female
1095,female
1096,female
1097,female
1098,female
1099,male
1100,male
1101,male
1102,female
1103,female
1104,female
1105,female
1106,female
1107,female
1108,female
1109,male
1110,male
1111,male
1112,male
1113,male
1114,female
1115,male
1116,female
1117,male
1118,female
1119,female
1120,female
1121,female
1122,male
1123,male
1124,female
1125,female
1126,male
1127,male
1128,female
1129,male
1130,male
1131,male
1132,female
1133,female
1134,female
1135,male
1136,male
1137,female
1138,male
1139,female
1140,male
1141,female
1142,male
1143,female
1144,female
1145,male
1146,male
1147,male
1148,male
1149,female
1150,male
1151,male
1152,female
1153,male
1154,male
1155,female
1156,male
1157,female
1158,female
1159,male
1160,female
1161,male
1162,female
1163,female
1164,female
1165,female
1166,male
1167,female
1168,male
1169,female
1170,female
1171,female
1172,female
1173,male
1174,male
1175,male
1176,male
1177,female
1178,male
1179,female
1180,male
1181,female
1182,male
1183,male
1184,male
1185,male
1186,female
1187,female
1188,male
1189,male
1190,female
1191,female
1192,female
1193,male
1194,female
1195,male
1196,female
1197,female
1198,male
1199,male
1200,male
1201,male
1202,female
1203,male
1204,female
1205,male
1206,male
1207,female
1208,female
1209,female
1210,male
1211,female
1212,female
1213,female
1214,male
1215,male
1216,male
1217,female
1218,male
1219,female
1220,male
1221,female
1222,male
1223,female
1224,male
1225,female
1226,female
1227,male
1228,female
1229,male
1230,female
1231,female
1232,male
1233,male
1234,female
1235,male
1236,male
1237,female
1238,male
1239,female
1240,male
1241,male
1242,male
1243,female
1244,female
1245,female
1246,male
1247,female
1248,female
1249,male
1250,female
1251,female
1252,female
1253,male
1254,female
1255,male
1256,female
1257,female
1258,female
1259,male
1260,female
1261,male
1262,female
1263,female
1264,male
1265,female
1266,female
1267,female
1268,male
1269,female
1270,female
1271,female
1272,male
1273,male
1274,male
1275,female
1276,male
1277,male
1278,female
1279,female
1280,male
1281,female
1282,female
1283,female
1284,female
1285,male
1286,female
1287,female
1288,male
1289,male
1290,female
1291,female
1292,female
1293,female
1294,female
1295,female
1296,male
1297,male
1298,male
1299,male
1300,female
1301,male
1302,female
1303,female
1304,female
1305,female
1306,male
1307,female
1308,female
1309,male
1310,female
1311,female
1312,male
1313,female
1314,female
1315,male
1316,female
1317,female
1318,male
1319,male
1320,male
1321,male
1322,male
1323,female
1324,male
1325,female
1326,male
1327,male
1328,female
1329,male
1330,female
1331,male
1332,male
1333,male
1334,female
1335,male
1336,male
1337,female
1338,female
1339,female
1340,female
1341,female
1342,female
1343,male
1344,male
1345,female
1346,male
1347,female
1348,male
1349,male
1350,male
1351,male
1352,female
1353,male
1354,female
1355,male
1356,male
1357,female
1358,female
1359,male
1360,female
1361,male
1362,female
1363,male
1364,male
1365,male
1366,male
1367,female
1368,male
1369,male
1370,male
1371,female
1372,male
1373,male
1374,female
1375,female
1376,male
1377,male
1378,female
1379,male
1380,female
1381,female
1382,female
1383,male
1384,female
1385,female
1386,female
1387,male
1388,male
1389,male
1390,male
1391,male
1392,female
1393,female
1394,male
1395,male
1396,male
1397,female
1398,female
1399,female
1400,female
1401,female
1402,female
1403,male
1404,male
1405,female
1406,male
1407,male
1408,female
1409,male
1410,female
1411,female
1412,female
1413,female
1414,female
1415,male
1416,female
1417,female
1418,male
1419,male
1420,male
1421,female
1422,male
1423,male
1424,female
1425,female
1426,male
1427,male
1428,female
1429,male
1430,female
1431,female
1432,male
1433,female
1434,female
1435,male
1436,female
1437,male
1438,male
1439,female
1440,male
1441,female
1442,female
1443,male
1444,female
1445,male
1446,female
1447,male
1448,male
1449,female
1450,female
1451,female
1452,male
1453,female
1454,female
1455,male
1456,female
1457,female
1458,male
1459,male
1460,male
1461,male
1462,male
1463,male
1464,male
1465,male
1466,male
1467,female
1468,male
1469,male
1470,female
1471,male
1472,male
1473,female
1474,male
1475,female
1476,male
1477,female
1478,female
1479,male
1480,female
1481,female
1482,male
1483,male
1484,female
1485,male
1486,male
1487,male
1488,female
1489,female
1490,male
1491,male
1492,female
1493,male
1494,male
1495,female
1496,female
1497,female
1498,female
1499,female
1500,male
