id,brand
1,A
2,B
3,B
4,B
5,B
6,B
7,A
8,A
9,B
10,A
11,B
12,B
13,B
14,B
15,B
16,B
17,B
18,A
19,A
20,B
21,B
22,A
23,B
24,A
25,B
26,B
27,A
28,B
29,A
30,A
31,B
32,A
33,A
34,A
35,B
36,B
37,B
38,A
39,A
40,B
41,B
42,A
43,A
44,A
45,B
46,A
47,A
48,A
49,A
50,B
51,B
52,B
53,B
54,A
55,B
56,B
57,B
58,B
59,A
60,B
61,A
62,B
63,A
64,B
65,A
66,A
67,A
68,A
69,B
70,A
71,B
72,A
73,A
74,B
75,A
76,A
77,B
78,A
79,B
80,B
81,B
82,B
83,A
84,A
85,B
86,B
87,B
88,B
89,B
90,B
91,A
92,A
93,A
94,B
95,B
96,A
97,B
98,B
99,B
100,B
101,B
102,B
103,B
104,B
105,B
106,B
107,A
108,B
109,A
110,A
111,B
112,B
113,A
114,A
115,A
116,B
117,B
118,B
119,B
120,B
121,A
122,A
123,B
124,B
125,B
126,B
127,B
128,B
129,A
130,A
131,B
132,A
133,A
134,B
135,A
136,A
137,A
138,B
139,A
140,B
141,B
142,B
143,A
144,B
145,B
146,B
147,B
148,B
149,A
150,B
151,B
152,B
153,A
154,B
155,A
156,B
157,B
158,B
159,A
160,B
161,B
162,B
163,A
164,A
165,A
166,A
167,B
168,B
169,A
170,B
171,B
172,B
173,A
174,A
175,A
176,A
177,A
178,A
179,A
180,A
181,A
182,B
183,A
184,B
185,A
186,A
187,B
188,B
189,B
190,A
191,B
192,A
193,B
194,B
195,A
196,A
197,B
198,A
199,B
200,A
201,A
202,A
203,B
204,B
205,A
206,B
207,A
208,B
209,B
210,B
211,B
212,B
213,A
214,B
215,B
216,B
217,A
218,B
219,A
220,B
221,B
222,B
223,A
224,A
225,B
226,A
227,A
228,A
229,B
230,B
231,A
232,A
233,A
234,A
235,B
236,A
237,A
238,A
239,A
240,B
241,B
242,A
243,A
244,B
245,B
246,A
247,A
248,B
249,A
250,B
251,A
252,B
253,A
254,A
255,A
256,A
257,B
258,A
259,B
260,A
261,B
262,A
263,B
264,A
265,B
266,B
267,B
268,A
269,A
270,A
271,A
272,A
273,B
274,A
275,A
276,A
277,A
278,B
279,B
280,A
281,B
282,B
283,B
284,B
285,B
286,A
287,A
288,A
289,A
290,B
291,B
292,B
293,B
294,A
295,B
296,B
297,B
298,B
299,B
300,A
301,B
302,B
303,B
304,A
305,B
306,A
307,A
308,A
309,B
310,B
311,A
312,B
313,B
314,B
315,A
316,B
317,B
318,B
319,A
320,A
321,B
322,B
323,B
324,A
325,A
326,A
327,A
328,A
329,B
330,B
331,B
332,B
333,B
334,A
335,B
336,A
337,A
338,A
339,B
340,B
341,B
342,A
343,B
344,A
345,A
346,A
347,B
348,A
349,B
350,B
351,A
352,B
353,B
354,B
355,B
356,B
357,B
358,A
359,A
360,A
361,B
362,A
363,B
364,A
365,A
366,B
367,B
368,B
369,B
370,B
371,B
372,B
373,A
374,A
375,B
376,B
377,B
378,B
379,A
380,B
381,A
382,B
383,A
384,B
385,B
386,A
387,A
388,A
389,A
390,A
391,B
392,B
393,A
394,B
395,B
396,A
397,B
398,B
399,B
400,A
401,B
402,A
403,B
404,B
405,A
406,A
407,B
408,B
409,A
410,B
411,B
412,A
413,A
414,B
415,A
416,B
417,A
418,B
419,B
420,A
421,A
422,B
423,A
424,B
425,B
426,B
427,B
428,A
429,A
430,A
431,B
432,A
433,B
434,B
435,B
436,B
437,B
438,A
439,B
440,A
441,B
442,A
443,B
444,B
445,B
446,B
447,B
448,B
449,B
450,B
451,A
452,B
453,B
454,B
455,B
456,B
457,A
458,B
459,B
460,B
461,B
462,A
463,B
464,B
465,A
466,A
467,A
468,B
469,A
470,A
471,A
472,B
473,B
474,B
475,A
476,A
477,B
478,A
479,B
480,B
481,A
482,A
483,A
484,A
485,A
486,B
487,B
488,B
489,B
490,B
491,A
492,B
493,A
494,A
495,B
496,A
497,B
498,B
499,A
500,A
501,B
502,B
503,B
504,B
505,A
506,A
507,A
508,A
509,B
510,A
511,A
512,A
513,A
514,B
515,B
516,A
517,A
518,A
519,B
520,B
521,B
522,A
523,A
524,B
525,B
526,A
527,B
528,A
529,B
530,A
531,A
532,B
533,B
534,A
535,A
536,B
537,B
538,A
539,B
540,A
541,B
542,B
543,B
544,B
545,A
546,A
547,B
548,A
549,B
550,B
551,B
552,B
553,B
554,A
555,B
556,A
557,B
558,B
559,A
560,B
561,B
562,B
563,B
564,A
565,B
566,A
567,A
568,B
569,B
570,A
571,A
572,A
573,B
574,A
575,B
576,B
577,A
578,A
579,B
580,A
581,A
582,A
583,A
584,A
585,A
586,B
587,B
588,A
589,B
590,B
591,A
592,B
593,A
594,A
595,B
596,A
597,B
598,A
599,B
600,A
601,A
602,B
603,B
604,B
605,B
606,B
607,B
608,B
609,A
610,B
611,B
612,A
613,B
614,B
615,A
616,B
617,B
618,A
619,A
620,B
621,A
622,B
623,A
624,B
625,B
626,B
627,B
628,B
629,B
630,A
631,B
632,B
633,B
634,B
635,A
636,B
637,B
638,B
639,B
640,B
641,A
642,B
643,A
644,B
645,A
646,B
647,A
648,A
649,B
650,A
651,A
652,A
653,B
654,A
655,B
656,B
657,A
658,A
659,B
660,B
661,B
662,B
663,A
664,B
665,B
666,B
667,A
668,A
669,B
670,A
671,A
672,A
673,A
674,B
675,A
676,B
677,B
678,B
679,B
680,B
681,A
682,A
683,B
684,A
685,A
686,B
687,B
688,B
689,B
690,B
691,B
692,A
693,A
694,B
695,A
696,B
697,A
698,A
699,A
700,B
701,B
702,B
703,A
704,A
705,A
706,B
707,A
708,A
709,B
710,A
711,A
712,A
713,A
714,B
715,A
716,A
717,B
718,B
719,B
720,B
721,A
722,B
723,B
724,B
725,A
726,A
727,B
728,A
729,B
730,B
731,B
732,B
733,B
734,B
735,B
736,A
737,B
738,B
739,B
740,A
741,B
742,A
743,B
744,A
745,B
746,B
747,B
748,A
749,B
750,B
751,B
752,B
753,A
754,B
755,B
756,A
757,B
758,B
759,A
760,B
761,A
762,A
763,B
764,A
765,A
766,A
767,B
768,B
769,B
770,A
771,B
772,B
773,A
774,B
775,A
776,B
777,B
778,B
779,A
780,B
781,A
782,B
783,A
784,A
785,A
786,B
787,A
788,A
789,A
790,B
791,A
792,A
793,B
794,B
795,A
796,A
797,B
798,B
799,A
800,B
801,A
802,A
803,B
804,B
805,B
806,B
807,A
808,A
809,A
810,B
811,B
812,B
813,A
814,B
815,A
816,A
817,B
818,B
819,A
820,B
821,A
822,B
823,B
824,A
825,B
826,A
827,A
828,B
829,B
830,A
831,B
832,A
833,A
834,A
835,A
836,B
837,B
838,B
839,B
840,B
841,A
842,B
843,B
844,B
845,B
846,A
847,A
848,A
849,B
850,B
851,B
852,B
853,B
854,A
855,B
856,B
857,A
858,A
859,B
860,A
861,A
862,B
863,B
864,B
865,B
866,B
867,B
868,A
869,A
870,A
871,B
872,A
873,A
874,B
875,B
876,A
877,B
878,B
879,A
880,B
881,B
882,B
883,A
884,B
885,A
886,A
887,A
888,B
889,A
890,A
891,A
892,B
893,B
894,B
895,B
896,A
897,B
898,B
899,A
900,A
901,A
902,A
903,A
904,A
905,A
906,A
907,B
908,B
909,A
910,A
911,A
912,B
913,A
914,B
915,A
916,B
917,B
918,B
919,B
920,A
921,B
922,A
923,A
924,B
925,B
926,B
927,A
928,B
929,A
930,A
931,A
932,B
933,B
934,B
935,A
936,B
937,B
938,B
939,B
940,A
941,A
942,B
943,B
944,A
945,B
946,B
947,B
948,A
949,B
950,A
951,A
952,B
953,B
954,A
955,A
956,B
957,B
958,A
959,B
960,A
961,A
962,B
963,B
964,B
965,B
966,B
967,B
968,A
969,A
970,B
971,A
972,A
973,B
974,B
975,A
976,A
977,A
978,B
979,B
980,B
981,B
982,A
983,B
984,A
985,B
986,A
987,B
988,B
989,A
990,B
991,A
992,B
993,A
994,A
995,B
996,B
997,A
998,A
999,B
1000,B
1001,B
1002,A
1003,A
1004,A
1005,A
1006,B
1007,B
1008,B
1009,A
1010,B
1011,B
1012,B
1013,B
1014,B
1015,B
1016,B
1017,B
1018,A
1019,B
1020,B
1021,A
1022,A
1023,B
1024,B
1025,A
1026,A
1027,A
1028,B
1029,B
1030,A
1031,B
1032,B
1033,B
1034,B
1035,A
1036,A
1037,B
1038,B
1039,B
1040,B
1041,B
1042,A
1043,A
1044,A
1045,A
1046,A
1047,B
1048,A
1049,B
1050,A
1051,B
1052,B
1053,B
1054,B
1055,B
1056,A
1057,A
1058,B
1059,B
1060,B
1061,B
1062,A
1063,B
1064,A
1065,A
1066,B
1067,A
1068,A
1069,B
1070,A
1071,B
1072,A
1073,B
1074,B
1075,A
1076,A
1077,B
1078,B
1079,A
1080,A
1081,B
1082,B
1083,B
1084,B
1085,B
1086,A
1087,A
1088,B
1089,A
1090,A
1091,A
1092,B
1093,A
1094,B
1095,A
1096,B
1097,B
1098,B
1099,B
1100,A
1101,B
1102,B
1103,A
1104,B
1105,A
1106,A
1107,A
1108,A
1109,B
1110,B
1111,B
1112,B
1113,A
1114,B
1115,A
1116,A
1117,A
1118,A
1119,B
1120,B
1121,A
1122,B
1123,B
1124,A
1125,B
1126,A
1127,B
1128,B
1129,B
1130,B
1131,B
1132,B
1133,B
1134,B
1135,B
1136,A
1137,B
1138,B
1139,A
1140,B
1141,B
1142,A
1143,B
1144,A
1145,A
1146,B
1147,B
1148,B
1149,B
1150,A
1151,B
1152,A
1153,A
1154,B
1155,B
1156,B
1157,A
1158,A
1159,B
1160,B
1161,A
1162,A
1163,B
1164,A
1165,A
1166,A
1167,A
1168,A
1169,A
1170,A
1171,A
1172,A
1173,A
1174,B
1175,A
1176,A
1177,B
1178,B
1179,B
1180,A
1181,A
1182,B
1183,A
1184,B
1185,A
1186,B
1187,B
1188,B
1189,A
1190,A
1191,B
1192,A
1193,B
1194,A
1195,A
1196,B
1197,B
1198,A
1199,A
1200,B
1201,B
1202,B
1203,A
1204,B
1205,A
1206,A
1207,A
1208,B
1209,A
1210,B
1211,A
1212,B
1213,B
1214,A
1215,A
1216,B
1217,B
1218,A
1219,A
1220,B
1221,B
1222,B
1223,B
1224,B
1225,B
1226,A
1227,B
1228,A
1229,B
1230,B
1231,A
1232,B
1233,B
1234,B
1235,B
1236,B
1237,B
1238,B
1239,B
1240,A
1241,A
1242,B
1243,B
1244,B
1245,B
1246,A
1247,B
1248,A
1249,B
1250,A
1251,A
1252,B
1253,B
1254,B
1255,A
1256,B
1257,B
1258,A
1259,A
1260,A
1261,B
1262,B
1263,B
1264,A
1265,B
1266,A
1267,B
1268,B
1269,A
1270,B
1271,B
1272,B
1273,B
1274,B
1275,A
1276,A
1277,B
1278,B
1279,B
1280,B
1281,A
1282,B
1283,B
1284,B
1285,A
1286,A
1287,B
1288,B
1289,B
1290,A
1291,B
1292,B
1293,B
1294,A
1295,B
1296,B
1297,B
1298,B
1299,A
1300,B
1301,A
1302,B
1303,B
1304,B
1305,B
1306,B
1307,B
1308,A
1309,B
1310,A
1311,A
1312,A
1313,B
1314,A
1315,A
1316,B
1317,B
1318,B
1319,A
1320,A
1321,B
1322,B
1323,A
1324,A
1325,A
1326,B
1327,A
1328,A
1329,A
1330,B
1331,A
1332,B
1333,B
1334,B
1335,A
1336,B
1337,B
1338,A
1339,A
1340,B
1341,A
1342,A
1343,A
1344,B
1345,B
1346,B
1347,B
1348,B
1349,B
1350,B
1351,B
1352,B
1353,B
1354,B
1355,A
1356,B
1357,B
1358,A
1359,A
1360,B
1361,B
1362,A
1363,A
1364,A
1365,A
1366,A
1367,B
1368,A
1369,A
1370,A
1371,B
1372,A
1373,A
1374,B
1375,A
1376,B
1377,A
1378,A
1379,B
1380,B
1381,B
1382,A
1383,B
1384,A
1385,B
1386,B
1387,A
1388,A
1389,A
1390,B
1391,B
1392,B
1393,B
1394,B
1395,A
1396,B
1397,A
1398,A
1399,B
1400,B
1401,B
1402,B
1403,A
1404,B
1405,B
1406,A
1407,B
1408,B
1409,A
1410,B
1411,B
1412,B
1413,B
1414,B
1415,B
1416,B
1417,B
1418,A
1419,B
1420,B
1421,B
1422,A
1423,A
1424,B
1425,B
1426,A
1427,A
1428,B
1429,A
1430,A
1431,A
1432,A
1433,B
1434,B
1435,A
1436,B
1437,A
1438,A
1439,B
1440,B
1441,A
1442,B
1443,B
1444,B
1445,B
1446,A
1447,B
1448,A
1449,B
1450,B
1451,B
1452,B
1453,B
1454,A
1455,A
1456,A
1457,B
1458,B
1459,A
1460,B
1461,A
1462,B
1463,A
1464,A
1465,A
1466,B
1467,B
1468,A
1469,B
1470,B
1471,A
1472,A
1473,B
1474,B
1475,A
1476,B
1477,B
1478,A
1479,B
1480,B
1481,A
1482,B
1483,B
1484,A
1485,A
1486,B
1487,A
1488,B
1489,B
1490,A
1491,B
1492,A
1493,B
1494,B
1495,B
1496,B
1497,A
1498,B
1499,B
1500,A
